order_id,order_date,product_id,customer_id,quantity,discount_rate,unit_price,revenue,cogs,gross_margin
O000001,2024-08-02,P0059,C0048,8,0.116,179.08,1432.64,1388.32,44.32
O000002,2024-08-11,P0063,C0035,9,0.135,244.45,2200.05,512.91,1687.14
O000003,2024-02-15,P0077,C0060,10,0.059,215.58,2155.8,488.7,1667.1
O000004,2024-07-06,P0120,C0045,11,0.106,208.26,2290.86,247.17,2043.69
O000005,2024-08-11,P0046,C0046,8,0.07,288.14,2305.12,1248.4,1056.72
O000006,2024-04-11,P0003,C0008,11,0.129,174.17,1915.87,676.39,1239.48
O000007,2024-04-23,P0074,C0044,4,0.03,162.92,651.68,198.52,453.16
O000008,2024-06-07,P0102,C0055,6,0.046,199.79,1198.74,953.4,245.34
O000009,2024-01-09,P0065,C0055,11,0.077,210.07,2310.77,1241.35,1069.42
O000010,2024-05-15,P0119,C0022,14,0.16,153.31,2146.34,1658.02,488.32
O000011,2024-03-29,P0120,C0021,12,0.103,208.96,2507.52,269.64,2237.88
O000012,2024-05-17,P0091,C0026,7,0.174,219.63,1537.41,672.56,864.85
O000013,2024-02-20,P0110,C0040,10,0.019,38.19,381.9,1623.2,-1241.3
O000014,2025-01-09,P0008,C0021,12,0.083,58.73,704.76,1070.64,-365.88
O000015,2024-09-06,P0051,C0025,9,0.075,254.01,2286.09,257.58,2028.51
O000016,2024-10-12,P0110,C0041,7,0.108,34.73,243.11,1136.24,-893.13
O000017,2024-11-27,P0106,C0001,5,0.146,96.93,484.65,517.45,-32.8
O000018,2024-07-28,P0081,C0006,11,0.151,109.99,1209.89,1286.67,-76.78
O000019,2024-02-06,P0073,C0023,14,0.121,150.27,2103.78,2485.42,-381.64
O000020,2024-08-13,P0006,C0051,7,0.115,192.37,1346.59,823.62,522.97
O000021,2024-09-03,P0107,C0023,7,0.171,213.49,1494.43,693.7,800.73
O000022,2024-11-09,P0089,C0043,9,0.069,22.62,203.58,1120.86,-917.28
O000023,2024-06-30,P0039,C0043,9,0.15,256.56,2309.04,1321.92,987.12
O000024,2024-02-23,P0113,C0023,11,0.166,225.15,2476.65,729.41,1747.24
O000025,2024-04-29,P0060,C0032,8,0.088,289.08,2312.64,410.48,1902.16
O000026,2024-06-01,P0028,C0030,9,0.131,180.32,1622.88,191.16,1431.72
O000027,2024-09-28,P0097,C0013,9,0.068,191.04,1719.36,1522.08,197.28
O000028,2024-08-27,P0054,C0043,14,0.029,179.46,2512.44,890.26,1622.18
O000029,2024-05-29,P0037,C0018,9,0.106,189.41,1704.69,1453.68,251.01
O000030,2025-02-18,P0009,C0023,7,0.035,175.98,1231.86,199.99,1031.87
O000031,2024-09-11,P0082,C0015,10,0.082,40.08,400.8,1001.5,-600.7
O000032,2024-04-09,P0056,C0033,7,0.157,191.61,1341.27,902.44,438.83
O000033,2024-02-12,P0059,C0021,8,0.015,199.54,1596.32,1388.32,208.0
O000034,2024-03-05,P0085,C0057,7,0.005,156.22,1093.54,442.19,651.35
O000035,2024-04-13,P0002,C0039,13,0.109,257.55,3348.15,246.09,3102.06
O000036,2024-03-08,P0061,C0023,5,0.06,54.27,271.35,467.65,-196.3
O000037,2024-03-19,P0058,C0027,8,0.075,41.29,330.32,1401.2,-1070.88
O000038,2024-04-29,P0107,C0045,7,0.073,238.73,1671.11,693.7,977.41
O000039,2024-03-13,P0060,C0044,11,0.016,311.9,3430.9,564.41,2866.49
O000040,2025-01-11,P0102,C0018,4,0.001,209.21,836.84,635.6,201.24
O000041,2024-02-03,P0040,C0024,8,0.162,256.39,2051.12,1297.04,754.08
O000042,2024-08-08,P0036,C0051,7,0.039,21.55,150.85,280.63,-129.78
O000043,2024-06-21,P0114,C0047,8,0.077,209.77,1678.16,544.48,1133.68
O000044,2025-02-16,P0107,C0040,6,0.175,212.46,1274.76,594.6,680.16
O000045,2024-02-17,P0037,C0051,11,0.149,180.3,1983.3,1776.72,206.58
O000046,2024-06-16,P0079,C0042,9,0.019,281.01,2529.09,641.34,1887.75
O000047,2025-02-11,P0092,C0007,7,0.092,113.37,793.59,328.72,464.87
O000048,2024-12-29,P0018,C0050,8,0.131,238.11,1904.88,212.48,1692.4
O000049,2024-12-09,P0098,C0048,7,0.126,35.86,251.02,221.55,29.47
O000050,2024-04-18,P0063,C0020,15,0.137,243.88,3658.2,854.85,2803.35
O000051,2024-03-12,P0022,C0027,10,0.082,116.72,1167.2,954.7,212.5
O000052,2024-10-07,P0011,C0006,8,0.032,207.01,1656.08,1110.88,545.2
O000053,2025-01-25,P0058,C0027,9,0.084,40.89,368.01,1576.35,-1208.34
O000054,2024-08-21,P0057,C0009,9,0.117,166.77,1500.93,634.86,866.07
O000055,2024-08-28,P0077,C0053,13,0.11,203.9,2650.7,635.31,2015.39
O000056,2024-04-27,P0004,C0045,11,0.013,17.58,193.38,703.23,-509.85
O000057,2024-11-19,P0086,C0057,12,0.012,178.34,2140.08,480.96,1659.12
O000058,2024-03-19,P0007,C0031,10,0.174,13.66,136.6,1606.0,-1469.4
O000059,2024-05-15,P0061,C0021,6,0.027,56.17,337.02,561.18,-224.16
O000060,2024-06-27,P0107,C0026,7,0.053,243.88,1707.16,693.7,1013.46
O000061,2024-08-01,P0054,C0040,9,0.138,159.31,1433.79,572.31,861.48
O000062,2024-04-11,P0088,C0048,7,0.074,180.76,1265.32,767.41,497.91
O000063,2024-02-18,P0068,C0045,11,0.033,101.1,1112.1,615.23,496.87
O000064,2024-09-13,P0092,C0013,11,0.084,114.37,1258.07,516.56,741.51
O000065,2024-05-01,P0079,C0049,8,0.102,257.23,2057.84,570.08,1487.76
O000066,2024-09-01,P0001,C0023,9,0.081,59.09,531.81,584.19,-52.38
O000067,2024-03-05,P0055,C0020,13,0.165,250.94,3262.22,1263.99,1998.23
O000068,2024-07-21,P0003,C0037,9,0.051,189.76,1707.84,553.41,1154.43
O000069,2024-08-11,P0078,C0054,9,0.119,227.05,2043.45,1199.25,844.2
O000070,2024-01-22,P0038,C0053,13,0.02,67.64,879.32,1310.01,-430.69
O000071,2024-05-21,P0114,C0028,6,0.071,211.13,1266.78,408.36,858.42
O000072,2024-02-26,P0001,,7,0.133,55.75,390.25,454.37,-64.12
O000073,2024-01-27,P0102,C0028,10,0.04,201.04,2010.4,1589.0,421.4
O000074,2025-02-19,P0038,C0041,9,0.106,61.7,555.3,906.93,-351.63
O000075,2024-05-15,P0085,C0002,14,0.028,152.61,2136.54,884.38,1252.16
O000076,2024-12-06,P0112,C0025,-1,0.018,303.06,1818.36,701.34,1117.02
O000077,2024-04-16,P0029,C0058,9,0.094,233.22,2098.98,520.56,1578.42
O000078,2024-10-13,P0005,C0050,5,0.122,40.34,201.7,667.45,-465.75
O000079,2024-11-15,P0113,C0041,4,0.02,264.57,1058.28,265.24,793.04
O000080,2024-09-07,P0074,C0006,14,0.165,140.25,1963.5,694.82,1268.68
O000081,2024-07-17,P0092,C0011,7,0.041,119.74,838.18,328.72,509.46
O000082,2024-06-21,P0021,C0057,8,0.022,42.61,340.88,496.56,-155.68
O000083,2024-05-26,P0114,C0038,11,0.036,219.09,2409.99,748.66,1661.33
O000084,2025-01-25,P0071,,8,0.031,270.8,2166.4,263.36,1903.04
O000085,2024-12-14,P0067,C0045,9,0.016,122.65,1103.85,151.65,952.2
O000086,2025-02-09,P0109,C0011,9,0.144,127.45,1147.05,216.09,930.96
O000087,2024-02-22,P0047,C0014,8,0.089,281.41,2251.28,73.6,2177.68
O000088,2024-11-02,P0084,C0002,9,0.07,24.14,217.26,1365.03,-1147.77
O000089,2025-01-29,P0083,C0040,9,0.171,158.65,1427.85,211.77,1216.08
O000090,2024-03-17,P0035,C0003,10,0.067,93.9,939.0,1462.3,-523.3
O000091,2024-01-28,P0068,C0055,7,0.03,101.41,709.87,391.51,318.36
O000092,2024-11-07,P0069,C0053,9,0.049,249.03,2241.27,1477.98,763.29
O000093,2024-08-29,P0001,C0035,12,0.043,61.54,738.48,778.92,-40.44
O000094,2024-12-19,P0068,C0033,13,0.09,95.14,1236.82,727.09,509.73
O000095,2024-02-28,P0012,C0024,8,0.052,79.06,632.48,836.32,-203.84
O000096,2024-11-30,P0060,C0019,10,0.093,287.49,2874.9,513.1,2361.8
O000097,2024-03-25,P0027,C0018,7,0.12,252.62,1768.34,331.45,1436.89
O000098,2024-03-09,P0056,C0049,10,0.14,195.47,1954.7,1289.2,665.5
O000099,2024-03-09,P0106,C0052,6,0.128,98.97,593.82,620.94,-27.12
O000100,2024-12-08,P0023,C0024,14,0.037,92.34,1292.76,2297.4,-1004.64
O000101,2024-10-06,P0025,,13,0.021,305.22,3967.86,1021.67,2946.19
O000102,2024-08-07,P0021,C0035,9,0.098,39.3,353.7,558.63,-204.93
O000103,2024-05-30,P0061,C0001,9,0.036,55.65,500.85,841.77,-340.92
O000104,2025-01-03,P0063,C0036,6,0.015,278.36,1670.16,341.94,1328.22
O000105,2024-06-13,P0052,C0025,10,0.095,101.05,1010.5,660.7,349.8
O000106,2024-12-08,P0088,C0045,4,0.059,183.68,734.72,438.52,296.2
O000107,2024-07-03,P0025,C0049,9,0.136,269.37,2424.33,707.31,1717.02
O000108,2024-06-07,P0109,C0060,11,0.057,140.4,1544.4,264.11,1280.29
O000109,2024-07-13,P0055,C0043,9,0.176,247.64,2228.76,875.07,1353.69
O000110,2024-05-06,P0046,C0034,14,0.137,267.38,3743.32,2184.7,1558.62
O000111,2024-11-09,P0032,C0025,4,0.01,163.57,654.28,588.0,66.28
O000112,2024-07-30,P0055,C0016,10,0.092,272.88,2728.8,972.3,1756.5
O000113,2024-04-07,P0096,C0034,5,0.101,72.67,363.35,372.6,-9.25
O000114,2025-01-12,P0005,C0029,13,0.125,40.21,522.73,1735.37,-1212.64
O000115,2024-06-10,P0036,C0019,9,0.09,20.4,183.6,360.81,-177.21
O000116,2024-08-16,P0110,C0023,7,0.087,35.54,248.78,1136.24,-887.46
O000117,2025-01-15,P0106,C0019,9,0.066,106.01,954.09,931.41,22.68
O000118,2024-09-19,P0049,C0025,9,0.049,99.67,897.03,718.11,178.92
O000119,2024-02-19,P0106,C0016,8,0.17,94.2,753.6,827.92,-74.32
O000120,2025-01-29,P0058,C0054,10,0.057,42.1,421.0,1751.5,-1330.5
O000121,2024-09-20,P0039,C0051,10,0.011,298.52,2985.2,1468.8,1516.4
O000122,2024-05-20,P0080,C0009,7,0.03,114.55,801.85,817.32,-15.47
O000123,2024-02-28,P0097,C0001,6,0.154,173.41,1040.46,1014.72,25.74
O000124,2024-11-29,P0113,C0042,8,0.106,241.35,1930.8,530.48,1400.32
O000125,2024-09-17,P0085,C0019,9,0.14,135.03,1215.27,568.53,646.74
O000126,2024-08-12,P0061,C0033,-1,0.146,49.3,443.7,841.77,-398.07
O000127,2025-01-10,P0009,C0034,8,0.148,155.37,1242.96,228.56,1014.4
O000128,2024-11-27,P0006,C0016,9,0.099,195.85,1762.65,1058.94,703.71
O000129,2024-03-04,P0115,C0044,6,0.032,135.26,811.56,797.16,14.4
O000130,2024-05-10,P0109,C0040,13,0.027,144.87,1883.31,312.13,1571.18
O000131,2024-04-14,P0035,C0055,8,0.103,90.27,722.16,1169.84,-447.68
O000132,2024-11-08,P0039,C0018,11,0.066,281.92,3101.12,1615.68,1485.44
O000133,2024-01-15,P0022,C0034,6,0.1,114.44,686.64,572.82,113.82
O000134,2024-08-27,P0041,C0025,9,0.09,267.57,2408.13,564.3,1843.83
O000135,2024-11-16,P0118,C0045,7,0.108,81.46,570.22,994.98,-424.76
O000136,2025-01-03,P0005,C0006,7,0.006,45.67,319.69,934.43,-614.74
O000137,2024-05-23,P0042,C0021,12,0.006,127.13,1525.56,323.16,1202.4
O000138,2024-12-10,P0087,C0058,11,0.13,89.09,979.99,165.11,814.88
O000139,2024-02-16,P0081,C0006,10,0.035,125.02,1250.2,1169.7,80.5
O000140,2024-12-21,P0076,C0032,10,0.117,188.29,1882.9,1390.0,492.9
O000141,2024-02-23,P0087,C0041,10,0.098,92.36,923.6,150.1,773.5
O000142,2024-06-15,P0080,C0048,6,0.177,97.19,583.14,700.56,-117.42
O000143,2024-11-30,P0067,C0043,12,0.15,105.94,1271.28,202.2,1069.08
O000144,2024-03-03,P0030,C0039,8,0.074,155.85,1246.8,285.84,960.96
O000145,2024-04-06,P0057,C0031,7,0.111,167.91,1175.37,493.78,681.59
O000146,2024-10-30,P0086,C0042,6,0.021,176.72,1060.32,240.48,819.84
O000147,2024-10-29,P0073,C0010,11,0.07,158.99,1748.89,1952.83,-203.94
O000148,2024-09-26,P0029,C0030,9,0.132,223.44,2010.96,520.56,1490.4
O000149,2024-10-18,P0111,C0057,11,0.112,20.18,221.98,1791.57,-1569.59
O000150,2024-08-15,P0037,C0052,10,0.087,193.44,1934.4,1615.2,319.2
O000151,2024-04-15,P0087,C0018,11,0.032,99.12,1090.32,165.11,925.21
O000152,2024-05-25,P0013,C0060,10,0.145,198.54,1985.4,1406.1,579.3
O000153,2024-03-17,P0032,C0024,10,0.049,157.12,1571.2,1470.0,101.2
O000154,2025-01-16,P0046,C0052,12,0.148,263.98,3167.76,1872.6,1295.16
O000155,2024-09-02,P0116,C0009,11,0.11,60.39,664.29,1785.3,-1121.01
O000156,2024-06-17,P0111,C0031,8,0.067,21.21,169.68,1302.96,-1133.28
O000157,2024-07-13,P0112,C0015,10,0.007,306.45,3064.5,1168.9,1895.6
O000158,2025-02-01,P0023,C0004,10,0.042,91.86,918.6,1641.0,-722.4
O000159,2024-03-05,P0045,C0040,3,0.16,122.3,366.9,446.1,-79.2
O000160,2024-09-03,P0017,C0009,12,0.147,181.81,2181.72,148.44,2033.28
O000161,2024-07-31,P0119,C0045,10,0.103,163.71,1637.1,1184.3,452.8
O000162,2024-09-13,P0104,C0009,6,0.084,286.37,1718.22,729.12,989.1
O000163,2024-01-08,P0085,C0026,3,0.116,138.8,416.4,189.51,226.89
O000164,2025-01-01,P0066,C0004,7,0.084,210.0,1470.0,661.22,808.78
O000165,2025-01-26,P0101,C0017,7,0.116,159.02,1113.14,1169.35,-56.21
O000166,2024-08-25,P0006,C0016,7,0.055,205.41,1437.87,823.62,614.25
O000167,2024-10-19,P0108,C0015,9,0.151,82.86,745.74,446.4,299.34
O000168,2025-01-22,P0018,C0035,8,0.126,239.48,1915.84,212.48,1703.36
O000169,2024-10-24,P0094,C0057,8,0.059,164.0,1312.0,303.92,1008.08
O000170,2024-03-05,P0022,C0052,7,0.15,108.08,756.56,668.29,88.27
O000171,2024-08-30,P0118,C0005,9,0.088,83.28,749.52,1279.26,-529.74
O000172,2024-09-11,P0033,C0055,10,0.031,72.24,722.4,1169.5,-447.1
O000173,2024-06-27,P0030,C0005,9,0.014,165.94,1493.46,321.57,1171.89
O000174,2024-11-05,P0081,C0020,8,0.126,113.23,905.84,935.76,-29.92
O000175,2025-01-27,P0107,C0015,13,0.156,217.36,2825.68,1288.3,1537.38
O000176,2025-01-23,P0032,C0018,9,0.145,141.26,1271.34,1323.0,-51.66
O000177,2024-07-08,P0042,C0047,7,0.118,112.81,789.67,188.51,601.16
O000178,2024-02-17,P0115,C0002,10,0.025,136.24,1362.4,1328.6,33.8
O000179,2025-02-17,P0078,C0029,8,0.017,253.34,2026.72,1066.0,960.72
O000180,2024-12-18,P0010,C0013,9,0.062,212.02,1908.18,1176.12,732.06
O000181,2024-02-22,P0111,C0004,10,0.154,19.23,192.3,1628.7,-1436.4
O000182,2025-01-21,P0115,C0042,8,0.173,115.56,924.48,1062.88,-138.4
O000183,2024-12-31,P0036,C0045,8,0.043,21.46,171.68,320.72,-149.04
O000184,2024-08-05,P0034,C0010,7,0.137,203.11,1421.77,1105.23,316.54
O000185,2024-09-05,P0073,C0031,8,0.103,153.35,1226.8,1420.24,-193.44
O000186,2024-06-16,P0106,C0041,11,0.006,112.82,1241.02,1138.39,102.63
O000187,2024-01-23,P0028,C0008,11,0.098,187.16,2058.76,233.64,1825.12
O000188,2024-05-20,P0011,C0003,8,0.145,182.84,1462.72,1110.88,351.84
O000189,2024-12-03,P0078,C0048,11,0.05,244.83,2693.13,1465.75,1227.38
O000190,2024-01-02,P0039,C0046,7,0.162,252.94,1770.58,1028.16,742.42
O000191,2024-05-20,P0119,C0009,9,0.043,174.66,1571.94,1065.87,506.07
O000192,2024-06-16,P0047,C0030,8,0.014,304.58,2436.64,73.6,2363.04
O000193,2024-08-13,P0118,C0053,8,0.029,88.67,709.36,1137.12,-427.76
O000194,2025-01-21,P0019,C0011,9,0.151,183.02,1647.18,120.69,1526.49
O000195,2024-05-25,P0118,C0035,10,0.075,84.47,844.7,1421.4,-576.7
O000196,2024-05-25,P0015,C0037,10,0.143,97.91,979.1,979.1,0.0
O000197,2024-11-05,P0028,C0042,11,0.096,187.58,2063.38,233.64,1829.74
O000198,2024-07-08,P0024,C0013,8,0.087,81.64,653.12,407.04,246.08
O000199,2024-04-04,P0072,C0036,5,0.145,250.98,1254.9,460.95,793.95
O000200,2024-07-09,P0107,C0056,7,0.076,237.96,1665.72,693.7,972.02
O000201,2024-02-29,P0009,C0013,8,0.144,156.1,1248.8,228.56,1020.24
O000202,2024-03-15,P0047,C0012,7,0.018,303.34,2123.38,64.4,2058.98
O000203,2024-07-28,P0033,C0037,11,0.115,65.98,725.78,1286.45,-560.67
O000204,2024-06-24,P0062,C0010,8,0.126,151.28,1210.24,478.0,732.24
O000205,2025-01-19,P0097,C0060,16,0.162,171.77,2748.32,2705.92,42.4
O000206,2024-06-01,P0019,C0056,6,0.04,206.95,1241.7,80.46,1161.24
O000207,2024-08-31,P0067,C0009,6,0.109,111.05,666.3,101.1,565.2
O000208,2024-09-22,P0074,C0052,7,0.078,154.86,1084.02,347.41,736.61
O000209,2024-01-06,P0040,C0007,9,0.069,284.84,2563.56,1459.17,1104.39
O000210,2024-10-05,P0047,C0002,14,0.019,303.03,4242.42,128.8,4113.62
O000211,2024-03-15,P0106,C0054,9,0.024,110.78,997.02,931.41,65.61
O000212,2025-02-07,P0065,C0056,7,0.151,193.22,1352.54,789.95,562.59
O000213,2024-03-03,P0029,C0060,14,0.135,222.67,3117.38,809.76,2307.62
O000214,2024-06-23,P0050,C0023,6,0.069,123.31,739.86,277.2,462.66
O000215,2024-02-05,P0098,C0039,8,0.149,34.92,279.36,253.2,26.16
O000216,2025-02-22,P0115,C0040,7,0.015,137.63,963.41,930.02,33.39
O000217,2024-07-29,P0013,C0039,7,0.112,206.2,1443.4,984.27,459.13
O000218,2024-09-07,P0118,C0021,8,0.156,77.07,616.56,1137.12,-520.56
O000219,2024-01-29,P0001,C0023,9,0.151,54.59,491.31,584.19,-92.88
O000220,2024-11-10,P0034,C0029,7,0.067,219.58,1537.06,1105.23,431.83
O000221,2024-03-29,P0093,C0014,10,0.134,46.55,465.5,1189.7,-724.2
O000222,2025-01-12,P0048,C0026,8,0.077,253.98,2031.84,766.8,1265.04
O000223,2024-03-27,P0111,C0051,7,0.151,19.3,135.1,1140.09,-1004.99
O000224,2024-03-21,P0077,C0005,7,0.096,207.11,1449.77,342.09,1107.68
O000225,2024-01-16,P0048,C0055,7,0.138,237.2,1660.4,670.95,989.45
O000226,2024-07-17,P0049,C0031,6,0.014,103.34,620.04,478.74,141.3
O000227,2024-08-25,P0117,C0025,8,0.106,56.06,448.48,1284.64,-836.16
O000228,2024-01-28,P0064,C0031,5,0.099,217.08,1085.4,71.7,1013.7
O000229,2024-11-21,P0061,C0050,13,0.11,51.38,667.94,1215.89,-547.95
O000230,2024-07-09,P0029,C0020,7,0.125,225.24,1576.68,404.88,1171.8
O000231,2024-08-08,P0039,C0044,11,0.165,252.04,2772.44,1615.68,1156.76
O000232,2024-07-04,P0088,C0055,5,0.141,167.68,838.4,548.15,290.25
O000233,2024-06-17,P0026,C0017,9,0.04,129.49,1165.41,1241.55,-76.14
O000234,2024-08-23,P0017,C0045,3,0.149,181.38,544.14,37.11,507.03
O000235,2024-03-06,P0071,C0002,7,0.022,273.31,1913.17,230.44,1682.73
O000236,2024-03-17,P0013,C0025,10,0.112,206.2,2062.0,1406.1,655.9
O000237,2024-12-27,P0069,C0013,7,0.159,220.22,1541.54,1149.54,392.0
O000238,2025-02-01,P0026,C0058,11,0.018,132.46,1457.06,1517.45,-60.39
O000239,2024-06-05,P0049,C0039,7,0.153,88.77,621.39,558.53,62.86
O000240,2024-04-23,P0067,C0028,9,0.144,106.69,960.21,151.65,808.56
O000241,2024-09-27,P0007,C0042,4,0.091,15.03,60.12,642.4,-582.28
O000242,2024-06-20,P0058,C0055,6,0.056,42.14,252.84,1050.9,-798.06
O000243,2024-01-11,P0049,C0006,12,0.073,97.16,1165.92,957.48,208.44
O000244,2024-03-06,P0103,C0003,10,0.174,195.32,1953.2,523.7,1429.5
O000245,2024-10-27,P0053,C0058,8,0.036,64.3,514.4,1361.44,-847.04
O000246,2024-10-03,P0065,C0035,9,0.104,203.92,1835.28,1015.65,819.63
O000247,2024-01-12,P0113,C0018,5,0.015,265.92,1329.6,331.55,998.05
O000248,2024-04-03,P0062,C0011,13,0.039,166.34,2162.42,776.75,1385.67
O000249,2024-04-07,P0017,C0054,12,0.137,183.94,2207.28,148.44,2058.84
O000250,2024-10-09,P0043,C0020,7,0.054,18.65,130.55,330.4,-199.85
O000251,2024-01-09,P0025,C0005,10,0.177,256.59,2565.9,785.9,1780.0
O000252,2024-02-13,P0003,C0019,15,0.09,181.96,2729.4,922.35,1807.05
O000253,2024-12-01,P0079,C0022,9,0.093,259.81,2338.29,641.34,1696.95
O000254,2024-03-15,P0029,C0059,9,0.007,255.62,2300.58,520.56,1780.02
O000255,2024-10-01,P0117,C0060,7,0.172,51.92,363.44,1124.06,-760.62
O000256,2024-04-10,P0107,C0019,9,0.031,249.55,2245.95,891.9,1354.05
O000257,2024-02-11,P0032,C0047,7,0.097,149.19,1044.33,1029.0,15.33
O000258,2024-04-12,P0026,C0016,12,0.071,125.31,1503.72,1655.4,-151.68
O000259,2024-10-30,P0016,C0024,6,0.075,224.48,1346.88,489.24,857.64
O000260,2024-12-25,P0025,C0041,13,0.116,275.6,3582.8,1021.67,2561.13
O000261,2024-12-14,P0054,C0004,10,0.119,162.83,1628.3,635.9,992.4
O000262,2024-06-15,P0028,C0015,12,0.028,201.69,2420.28,254.88,2165.4
O000263,2024-10-07,P0073,C0025,7,0.09,155.57,1088.99,1242.71,-153.72
O000264,2024-03-27,P0120,C0044,10,0.142,199.87,1998.7,224.7,1774.0
O000265,2024-05-03,P0056,C0055,10,0.08,209.11,2091.1,1289.2,801.9
O000266,2025-01-11,P0065,C0035,10,0.03,220.76,2207.6,1128.5,1079.1
O000267,2024-01-06,P0093,C0055,10,0.056,50.74,507.4,1189.7,-682.3
O000268,2024-02-05,P0086,C0014,-1,0.038,173.65,1389.2,320.64,1068.56
O000269,2024-03-28,P0080,C0049,6,0.023,115.37,692.22,700.56,-8.34
O000270,2024-01-12,P0041,C0019,3,0.068,274.04,822.12,188.1,634.02
O000271,2024-03-17,P0115,C0038,10,0.097,126.18,1261.8,1328.6,-66.8
O000272,2024-09-01,P0108,C0036,7,0.013,96.33,674.31,347.2,327.11
O000273,2024-06-25,P0051,C0007,8,0.109,244.67,1957.36,228.96,1728.4
O000274,2025-01-09,P0118,C0030,5,0.179,74.97,374.85,710.7,-335.85
O000275,2024-12-09,P0105,C0019,10,0.174,142.46,1424.6,1485.6,-61.0
O000276,2024-05-23,P0071,C0049,9,0.149,237.82,2140.38,296.28,1844.1
O000277,2024-04-18,P0078,C0025,11,0.048,245.35,2698.85,1465.75,1233.1
O000278,2024-06-08,P0029,C0016,10,0.004,256.39,2563.9,578.4,1985.5
O000279,2024-09-04,P0083,C0047,10,0.15,162.67,1626.7,235.3,1391.4
O000280,2024-04-22,P0019,C0054,3,0.01,213.41,640.23,40.23,600.0
O000281,2024-09-19,P0066,C0040,7,0.037,220.78,1545.46,661.22,884.24
O000282,2024-06-20,P0041,C0051,8,0.098,265.22,2121.76,501.6,1620.16
O000283,2024-08-19,P0045,C0008,8,0.032,140.94,1127.52,1189.6,-62.08
O000284,2024-07-02,P0015,C0018,10,0.15,97.11,971.1,979.1,-8.0
O000285,2024-05-03,P0003,,7,0.14,171.97,1203.79,430.43,773.36
O000286,2025-02-02,P0011,C0016,7,0.136,184.77,1293.39,972.02,321.37
O000287,2024-11-16,P0053,C0052,11,0.147,56.9,625.9,1871.98,-1246.08
O000288,2024-02-28,P0046,C0019,11,0.04,297.44,3271.84,1716.55,1555.29
O000289,2024-12-30,P0030,C0042,13,0.131,146.25,1901.25,464.49,1436.76
O000290,2024-07-23,P0057,C0017,9,0.064,176.78,1591.02,634.86,956.16
O000291,2025-01-10,P0104,C0045,6,0.12,275.11,1650.66,729.12,921.54
O000292,2024-12-01,P0018,C0013,-1,0.022,267.98,2411.82,239.04,2172.78
O000293,2024-06-27,P0051,C0007,9,0.127,239.73,2157.57,257.58,1899.99
O000294,2024-01-10,P0048,C0027,9,0.175,227.02,2043.18,862.65,1180.53
O000295,2024-04-22,P0066,C0010,15,0.008,227.43,3411.45,1416.9,1994.55
O000296,2024-08-15,P0096,C0034,3,0.017,79.46,238.38,223.56,14.82
O000297,2024-09-23,P0008,C0036,8,0.022,62.64,501.12,713.76,-212.64
O000298,2024-04-18,P0022,C0025,8,0.078,117.23,937.84,763.76,174.08
O000299,2024-02-28,P0006,C0006,6,0.052,206.07,1236.42,705.96,530.46
O000300,2024-12-16,P0076,C0024,8,0.145,182.32,1458.56,1112.0,346.56
O000301,2025-02-17,P0111,C0018,9,0.085,20.8,187.2,1465.83,-1278.63
O000302,2024-08-08,P0057,C0023,9,0.087,172.44,1551.96,634.86,917.1
O000303,2024-03-13,P0104,C0006,13,0.129,272.3,3539.9,1579.76,1960.14
O000304,2024-04-24,P0036,C0029,5,0.065,20.96,104.8,200.45,-95.65
O000305,2024-01-08,P0079,C0025,7,0.064,268.12,1876.84,498.82,1378.02
O000306,2025-01-19,P0092,C0055,9,0.136,107.88,970.92,422.64,548.28
O000307,2024-02-19,P0116,C0017,10,0.14,58.35,583.5,1623.0,-1039.5
O000308,2024-08-30,P0057,C0046,7,0.003,188.3,1318.1,493.78,824.32
O000309,2024-04-25,P0049,C0024,12,0.026,102.08,1224.96,957.48,267.48
O000310,2024-08-20,P0045,C0011,7,0.038,140.07,980.49,1040.9,-60.41
O000311,2024-09-30,P0082,C0026,10,0.063,40.91,409.1,1001.5,-592.4
O000312,2024-12-14,P0066,C0051,13,0.052,217.34,2825.42,1227.98,1597.44
O000313,2024-03-27,P0077,C0034,8,0.12,201.61,1612.88,390.96,1221.92
O000314,2024-01-05,P0045,C0028,15,0.149,123.91,1858.65,2230.5,-371.85
O000315,2024-02-27,P0118,C0003,7,0.035,88.12,616.84,994.98,-378.14
O000316,2025-01-13,P0079,C0011,10,0.101,257.52,2575.2,712.6,1862.6
O000317,2025-01-02,P0020,C0038,9,0.066,175.9,1583.1,1057.14,525.96
O000318,2024-09-07,P0064,C0014,11,0.091,219.01,2409.11,157.74,2251.37
O000319,2024-09-09,P0093,C0051,10,0.112,47.73,477.3,1189.7,-712.4
O000320,2024-10-06,P0106,C0026,6,0.161,95.23,571.38,620.94,-49.56
O000321,2024-03-14,P0093,C0048,8,0.035,51.87,414.96,951.76,-536.8
O000322,2025-01-19,P0067,C0021,11,0.016,122.65,1349.15,185.35,1163.8
O000323,2024-06-24,P0083,C0054,7,0.113,169.75,1188.25,164.71,1023.54
O000324,2024-06-09,P0003,C0056,8,0.071,185.76,1486.08,491.92,994.16
O000325,2024-08-05,P0054,C0039,9,0.029,179.46,1615.14,572.31,1042.83
O000326,2024-01-20,P0078,C0030,7,0.021,252.31,1766.17,932.75,833.42
O000327,2024-03-10,P0064,C0059,6,0.101,216.6,1299.6,86.04,1213.56
O000328,2024-11-05,P0040,C0008,8,0.054,289.43,2315.44,1297.04,1018.4
O000329,2024-02-04,P0059,C0051,5,0.18,166.12,830.6,867.7,-37.1
O000330,2024-09-10,P0055,C0020,13,0.073,278.59,3621.67,1263.99,2357.68
O000331,2024-04-13,P0062,C0048,13,0.038,166.51,2164.63,776.75,1387.88
O000332,2024-06-12,P0004,C0032,10,0.113,15.8,158.0,639.3,-481.3
O000333,2024-05-01,P0060,C0022,8,0.044,303.02,2424.16,410.48,2013.68
O000334,2024-05-29,P0116,C0059,6,0.089,61.81,370.86,973.8,-602.94
O000335,2024-10-28,P0075,C0007,6,0.087,235.99,1415.94,741.66,674.28
O000336,2024-05-04,P0095,C0009,8,0.082,229.36,1834.88,1014.72,820.16
O000337,2024-08-25,P0107,C0045,7,0.143,220.7,1544.9,693.7,851.2
O000338,2024-07-18,P0096,C0001,8,0.039,77.68,621.44,596.16,25.28
O000339,2024-10-05,P0091,C0029,10,0.163,222.55,2225.5,960.8,1264.7
O000340,2025-01-28,P0030,C0008,9,0.142,144.4,1299.6,321.57,978.03
O000341,2024-11-03,P0107,C0056,7,0.06,242.08,1694.56,693.7,1000.86
O000342,2024-03-31,P0002,C0054,10,0.033,279.52,2795.2,189.3,2605.9
O000343,2024-01-14,P0062,C0004,9,0.05,164.44,1479.96,537.75,942.21
O000344,2024-04-20,P0049,C0035,6,0.06,98.52,591.12,478.74,112.38
O000345,2024-09-06,P0009,C0059,10,0.1,164.12,1641.2,285.7,1355.5
O000346,2024-01-22,P0092,C0003,7,0.008,123.86,867.02,328.72,538.3
O000347,2024-07-27,P0031,C0054,9,0.165,159.45,1435.05,1511.19,-76.14
O000348,2024-09-07,P0098,C0045,7,0.018,40.29,282.03,221.55,60.48
O000349,2024-05-20,P0061,C0040,8,0.05,54.84,438.72,748.24,-309.52
O000350,2024-11-19,P0120,C0007,9,0.02,228.29,2054.61,202.23,1852.38
O000351,2024-02-14,P0079,C0027,6,0.046,273.27,1639.62,427.56,1212.06
O000352,2024-02-01,P0048,C0001,9,0.151,233.62,2102.58,862.65,1239.93
O000353,2024-11-01,P0025,C0027,6,0.111,277.16,1662.96,471.54,1191.42
O000354,2024-07-27,P0036,C0016,10,0.041,21.5,215.0,400.9,-185.9
O000355,2024-10-16,P0008,C0038,12,0.157,53.99,647.88,1070.64,-422.76
O000356,2024-07-01,P0073,C0007,9,0.144,146.34,1317.06,1597.77,-280.71
O000357,2024-04-13,P0058,,7,0.136,38.57,269.99,1226.05,-956.06
O000358,2024-12-10,P0101,C0023,12,0.153,152.37,1828.44,2004.6,-176.16
O000359,2024-12-01,P0112,C0041,8,0.112,274.05,2192.4,935.12,1257.28
O000360,2024-10-18,P0045,C0059,11,0.09,132.5,1457.5,1635.7,-178.2
O000361,2024-04-24,P0062,C0011,9,0.067,161.49,1453.41,537.75,915.66
O000362,2024-09-04,P0039,C0042,10,0.04,289.77,2897.7,1468.8,1428.9
O000363,2024-05-31,P0096,C0053,8,0.1,72.75,582.0,596.16,-14.16
O000364,2024-02-08,P0058,C0033,8,0.16,37.5,300.0,1401.2,-1101.2
O000365,2025-01-20,P0116,C0050,13,0.107,60.59,787.67,2109.9,-1322.23
O000366,2024-02-27,P0081,C0036,4,0.166,108.04,432.16,467.88,-35.72
O000367,2025-02-03,P0099,C0037,7,0.064,28.79,201.53,466.62,-265.09
O000368,2024-07-06,P0101,C0041,10,0.125,157.4,1574.0,1670.5,-96.5
O000369,2024-03-18,P0083,C0059,9,0.117,168.99,1520.91,211.77,1309.14
O000370,2024-08-15,P0064,C0017,9,0.121,211.78,1906.02,129.06,1776.96
O000371,2025-01-01,P0044,C0035,8,0.116,263.56,2108.48,651.68,1456.8
O000372,2024-11-03,P0029,C0048,10,0.04,247.12,2471.2,578.4,1892.8
O000373,2024-12-04,P0059,C0005,12,0.026,197.31,2367.72,2082.48,285.24
O000374,2024-10-03,P0071,C0048,9,0.176,230.28,2072.52,296.28,1776.24
O000375,2024-10-17,P0092,C0032,8,0.008,123.86,990.88,375.68,615.2
O000376,2024-12-22,P0009,C0003,9,0.084,167.04,1503.36,257.13,1246.23
O000377,2024-04-14,P0092,C0052,16,0.077,115.25,1844.0,751.36,1092.64
O000378,2024-07-24,P0006,C0047,15,0.065,203.24,3048.6,1764.9,1283.7
O000379,2024-04-02,P0029,C0035,11,0.141,221.12,2432.32,636.24,1796.08
O000380,2025-02-18,P0058,C0052,7,0.134,38.66,270.62,1226.05,-955.43
O000381,2025-01-31,P0017,C0014,14,0.163,178.4,2497.6,173.18,2324.42
O000382,2024-01-17,P0016,C0048,5,0.071,225.45,1127.25,407.7,719.55
O000383,2024-10-23,P0087,C0031,5,0.102,91.96,459.8,75.05,384.75
O000384,2025-01-23,P0095,C0031,8,0.161,209.62,1676.96,1014.72,662.24
O000385,2024-03-16,P0003,C0017,11,0.179,164.17,1805.87,676.39,1129.48
O000386,2024-08-26,P0021,C0060,14,0.174,35.99,503.86,868.98,-365.12
O000387,2025-01-19,P0064,C0024,7,0.129,209.85,1468.95,100.38,1368.57
O000388,2024-01-15,P0090,C0052,11,0.026,25.7,282.7,119.35,163.35
O000389,2024-10-19,P0036,C0023,6,0.004,22.33,133.98,240.54,-106.56
O000390,2024-05-04,P0106,C0018,12,0.149,96.59,1159.08,1241.88,-82.8
O000391,2025-01-23,P0101,C0050,7,0.151,152.73,1069.11,1169.35,-100.24
O000392,2025-02-11,P0117,C0054,9,0.134,54.31,488.79,1445.22,-956.43
O000393,2025-01-31,P0086,C0014,5,0.05,171.48,857.4,200.4,657.0
O000394,2024-07-18,P0062,C0050,9,0.115,153.18,1378.62,537.75,840.87
O000395,2024-12-28,P0042,C0015,10,0.057,120.61,1206.1,269.3,936.8
O000396,2024-12-20,P0076,C0015,12,0.081,195.97,2351.64,1668.0,683.64
O000397,2024-05-14,P0042,C0006,9,0.069,119.07,1071.63,242.37,829.26
O000398,2024-12-14,P0061,,9,0.164,48.26,434.34,841.77,-407.43
O000399,2024-01-16,P0013,C0015,10,0.042,222.46,2224.6,1406.1,818.5
O000400,2024-09-07,P0011,C0050,14,0.104,191.61,2682.54,1944.04,738.5
O000401,2024-04-06,P0054,C0036,11,0.065,172.81,1900.91,699.49,1201.42
O000402,2024-02-20,P0016,C0055,10,0.119,213.8,2138.0,815.4,1322.6
O000403,2024-02-02,P0008,C0008,9,0.102,57.52,517.68,802.98,-285.3
O000404,2024-10-19,P0104,C0015,8,0.166,260.73,2085.84,972.16,1113.68
O000405,2024-05-22,P0059,C0003,13,0.018,198.93,2586.09,2256.02,330.07
O000406,2024-10-31,P0057,C0047,3,0.04,181.32,543.96,211.62,332.34
O000407,2024-01-28,P0040,C0013,7,0.138,263.73,1846.11,1134.91,711.2
O000408,2024-05-12,P0109,C0041,7,0.066,139.06,973.42,168.07,805.35
O000409,2024-08-14,P0059,C0034,7,0.03,196.5,1375.5,1214.78,160.72
O000410,2024-11-28,P0002,C0024,14,0.091,262.76,3678.64,265.02,3413.62
O000411,2024-05-13,P0094,C0040,7,0.117,153.89,1077.23,265.93,811.3
O000412,2024-09-19,P0094,C0032,7,0.008,172.89,1210.23,265.93,944.3
O000413,2025-01-07,P0076,C0032,10,0.052,202.15,2021.5,1390.0,631.5
O000414,2024-09-15,P0010,C0030,9,0.146,193.03,1737.27,1176.12,561.15
O000415,2024-04-07,P0044,C0052,15,0.094,270.11,4051.65,1221.9,2829.75
O000416,2024-01-11,P0011,C0049,7,0.006,212.57,1487.99,972.02,515.97
O000417,2024-12-31,P0079,C0013,5,0.051,271.84,1359.2,356.3,1002.9
O000418,2024-01-09,P0080,C0001,10,0.115,104.51,1045.1,1167.6,-122.5
O000419,2025-01-02,P0081,C0034,8,0.036,124.89,999.12,935.76,63.36
O000420,2024-08-10,P0090,C0015,9,0.149,22.46,202.14,97.65,104.49
O000421,2025-01-29,P0002,C0044,9,0.122,253.79,2284.11,170.37,2113.74
O000422,2024-12-01,P0050,C0014,11,0.085,121.19,1333.09,508.2,824.89
O000423,2025-02-23,P0012,C0057,7,0.165,69.64,487.48,731.78,-244.3
O000424,2024-05-27,P0115,C0029,5,0.071,129.81,649.05,664.3,-15.25
O000425,2024-11-18,P0090,C0034,11,0.042,25.28,278.08,119.35,158.73
O000426,2024-06-17,P0023,C0018,11,0.119,84.48,929.28,1805.1,-875.82
O000427,2024-07-20,P0018,C0054,6,0.103,245.79,1474.74,159.36,1315.38
O000428,2024-09-20,P0062,C0007,8,0.06,162.7,1301.6,478.0,823.6
O000429,2025-01-01,P0096,C0029,9,0.062,75.82,682.38,670.68,11.7
O000430,2025-02-17,P0113,C0055,5,0.072,250.53,1252.65,331.55,921.1
O000431,2024-11-18,P0062,C0031,8,0.052,164.09,1312.72,478.0,834.72
O000432,2024-06-24,P0038,C0025,13,0.128,60.19,782.47,1310.01,-527.54
O000433,2024-06-25,P0111,C0038,9,0.117,20.07,180.63,1465.83,-1285.2
O000434,2024-11-05,P0067,C0014,7,0.079,114.79,803.53,117.95,685.58
O000435,2024-04-10,P0038,C0008,6,0.072,64.05,384.3,604.62,-220.32
O000436,2024-02-16,P0067,C0027,9,0.066,116.41,1047.69,151.65,896.04
O000437,2024-05-28,P0094,C0054,10,0.051,165.39,1653.9,379.9,1274.0
O000438,2024-04-30,P0061,C0002,5,0.015,56.86,284.3,467.65,-183.35
O000439,2024-05-04,P0001,C0017,10,0.048,61.21,612.1,649.1,-37.0
O000440,2024-04-08,P0094,C0037,7,0.058,164.17,1149.19,265.93,883.26
O000441,2024-01-18,P0045,C0014,12,0.099,131.19,1574.28,1784.4,-210.12
O000442,2024-01-08,P0096,C0025,10,0.139,69.59,695.9,745.2,-49.3
O000443,2025-02-18,P0028,C0056,9,0.071,192.77,1734.93,191.16,1543.77
O000444,2024-06-28,P0021,C0030,9,0.17,36.16,325.44,558.63,-233.19
O000445,2024-06-10,P0110,C0029,8,0.149,33.13,265.04,1298.56,-1033.52
O000446,2024-10-12,P0013,C0020,8,0.177,191.11,1528.88,1124.88,404.0
O000447,2024-04-01,P0027,C0021,8,0.158,241.71,1933.68,378.8,1554.88
O000448,2025-02-02,P0100,C0053,8,0.111,157.41,1259.28,220.16,1039.12
O000449,2024-11-26,P0007,C0022,13,0.108,14.75,191.75,2087.8,-1896.05
O000450,2024-02-07,P0022,C0035,12,0.023,124.23,1490.76,1145.64,345.12
O000451,2024-06-24,P0074,C0037,-1,0.13,146.13,1169.04,397.04,772.0
O000452,2025-01-04,P0103,C0016,5,0.108,210.92,1054.6,261.85,792.75
O000453,2025-01-31,P0053,C0050,15,0.091,60.63,909.45,2552.7,-1643.25
O000454,2024-07-15,P0079,C0058,11,0.125,250.64,2757.04,783.86,1973.18
O000455,2024-09-14,P0079,C0049,12,0.08,263.53,3162.36,855.12,2307.24
O000456,2024-03-11,P0004,C0043,6,0.094,16.14,96.84,383.58,-286.74
O000457,2025-02-20,P0096,C0017,14,0.072,75.01,1050.14,1043.28,6.86
O000458,2024-04-07,P0023,C0016,9,0.129,83.52,751.68,1476.9,-725.22
O000459,2025-01-30,P0119,C0058,6,0.158,153.67,922.02,710.58,211.44
O000460,2024-09-29,P0070,C0055,8,0.151,222.51,1780.08,393.6,1386.48
O000461,2024-09-12,P0088,C0002,9,0.141,167.68,1509.12,986.67,522.45
O000462,2024-08-03,P0084,C0004,11,0.002,25.91,285.01,1668.37,-1383.36
O000463,2024-04-06,P0101,C0021,6,0.164,150.39,902.34,1002.3,-99.96
O000464,2024-03-15,P0084,C0039,6,0.049,24.69,148.14,910.02,-761.88
O000465,2024-04-02,P0076,C0034,5,0.16,179.12,895.6,695.0,200.6
O000466,2024-03-19,P0033,C0030,6,0.035,71.94,431.64,701.7,-270.06
O000467,2024-11-23,P0028,C0006,13,0.079,191.11,2484.43,276.12,2208.31
O000468,2024-05-27,P0008,C0017,3,0.135,55.4,166.2,267.66,-101.46
O000469,2024-01-25,P0001,C0039,8,0.115,56.91,455.28,519.28,-64.0
O000470,2025-02-11,P0037,C0025,10,0.075,195.98,1959.8,1615.2,344.6
O000471,2025-01-06,P0063,C0005,10,0.122,248.12,2481.2,569.9,1911.3
O000472,2025-01-24,P0022,C0005,8,0.099,114.56,916.48,763.76,152.72
O000473,2025-02-21,P0070,C0020,11,0.05,248.98,2738.78,541.2,2197.58
O000474,2024-03-14,P0021,C0016,9,0.116,38.52,346.68,558.63,-211.95
O000475,2024-06-15,P0096,C0051,11,0.037,77.84,856.24,819.72,36.52
O000476,2024-11-14,P0035,C0041,11,0.125,88.06,968.66,1608.53,-639.87
O000477,2024-10-19,P0079,C0037,4,0.001,286.16,1144.64,285.04,859.6
O000478,2024-03-05,P0005,C0040,5,0.099,41.4,207.0,667.45,-460.45
O000479,2024-12-08,P0060,C0009,8,0.072,294.15,2353.2,410.48,1942.72
O000480,2024-04-04,P0120,C0005,8,0.055,220.14,1761.12,179.76,1581.36
O000481,2024-04-04,P0046,C0042,9,0.093,281.02,2529.18,1404.45,1124.73
O000482,2024-08-13,P0050,C0057,5,0.116,117.09,585.45,231.0,354.45
O000483,2024-09-06,P0048,C0002,10,0.174,227.29,2272.9,958.5,1314.4
O000484,2024-08-31,P0006,C0009,14,0.15,184.76,2586.64,1647.24,939.4
O000485,2024-02-08,P0089,C0043,9,0.129,21.17,190.53,1120.86,-930.33
O000486,2025-01-03,P0056,C0036,10,0.086,207.74,2077.4,1289.2,788.2
O000487,2024-04-21,P0110,C0022,11,0.071,36.17,397.87,1785.52,-1387.65
O000488,2024-02-24,P0059,C0022,6,0.006,201.36,1208.16,1041.24,166.92
O000489,2025-01-08,P0120,C0022,7,0.065,217.81,1524.67,157.29,1367.38
O000490,2025-02-05,P0104,C0034,6,0.153,264.8,1588.8,729.12,859.68
O000491,2024-12-28,P0029,C0055,11,0.069,239.66,2636.26,636.24,2000.02
O000492,2024-12-05,P0071,C0029,8,0.083,256.26,2050.08,263.36,1786.72
O000493,2024-10-02,P0104,C0038,10,0.049,297.31,2973.1,1215.2,1757.9
O000494,2024-08-19,P0077,C0059,12,0.049,217.87,2614.44,586.44,2028.0
O000495,2024-02-06,P0102,C0046,8,0.011,207.12,1656.96,1271.2,385.76
O000496,2024-06-20,P0018,C0033,9,0.11,243.87,2194.83,239.04,1955.79
O000497,2024-06-05,P0002,C0018,10,0.081,265.65,2656.5,189.3,2467.2
O000498,2024-04-19,P0008,C0007,10,0.109,57.07,570.7,892.2,-321.5
O000499,2024-10-30,P0075,C0001,6,0.098,233.15,1398.9,741.66,657.24
O000500,2024-07-27,P0097,C0033,11,0.144,175.46,1930.06,1860.32,69.74
O000501,2024-02-04,P0054,C0001,9,0.135,159.87,1438.83,572.31,866.52
O000502,2024-04-02,P0038,C0024,12,0.139,59.43,713.16,1209.24,-496.08
O000503,2024-10-13,P0048,C0004,9,0.09,250.4,2253.6,862.65,1390.95
O000504,2024-02-01,P0027,C0004,6,0.064,268.7,1612.2,284.1,1328.1
O000505,2024-12-23,P0020,C0018,10,0.168,156.69,1566.9,1174.6,392.3
O000506,2024-07-26,P0012,C0027,10,0.01,82.57,825.7,1045.4,-219.7
O000507,2024-07-20,P0043,C0043,10,0.027,19.18,191.8,472.0,-280.2
O000508,2024-09-05,P0061,C0059,6,0.076,53.34,320.04,561.18,-241.14
O000509,2024-12-12,P0031,C0032,11,0.111,169.76,1867.36,1847.01,20.35
O000510,2024-05-26,P0091,C0033,11,0.001,265.62,2921.82,1056.88,1864.94
O000511,2024-10-11,P0096,C0028,10,0.129,70.4,704.0,745.2,-41.2
O000512,2024-08-25,P0061,C0042,9,0.101,51.9,467.1,841.77,-374.67
O000513,2024-04-22,P0074,C0041,9,0.087,153.35,1380.15,446.67,933.48
O000514,2025-01-04,P0067,C0055,11,0.076,115.17,1266.87,185.35,1081.52
O000515,2024-11-30,P0109,C0036,11,0.094,134.89,1483.79,264.11,1219.68
O000516,2024-10-03,P0091,C0060,4,0.029,258.18,1032.72,384.32,648.4
O000517,2024-12-23,P0035,C0006,15,0.02,98.63,1479.45,2193.45,-714.0
O000518,2024-12-30,P0095,C0016,12,0.052,236.86,2842.32,1522.08,1320.24
O000519,2024-10-24,P0015,C0034,9,0.128,99.63,896.67,881.19,15.48
O000520,2024-12-17,P0016,C0023,9,0.106,216.96,1952.64,733.86,1218.78
O000521,2024-10-19,P0013,C0050,9,0.086,212.24,1910.16,1265.49,644.67
O000522,2024-10-12,P0113,C0042,10,0.103,242.16,2421.6,663.1,1758.5
O000523,2024-09-16,P0035,C0024,13,0.101,90.48,1176.24,1900.99,-724.75
O000524,2024-11-12,P0116,C0056,14,0.055,64.12,897.68,2272.2,-1374.52
O000525,2024-03-07,P0075,C0049,12,0.018,253.83,3045.96,1483.32,1562.64
O000526,2025-01-04,P0059,C0013,8,0.161,169.96,1359.68,1388.32,-28.64
O000527,2025-01-01,P0021,C0056,8,0.108,38.86,310.88,496.56,-185.68
O000528,2024-01-13,P0115,C0018,6,0.126,122.12,732.72,797.16,-64.44
O000529,2024-12-12,P0054,C0054,7,0.084,169.3,1185.1,445.13,739.97
O000530,2024-02-24,P0075,C0013,4,0.136,223.33,893.32,494.44,398.88
O000531,2024-05-20,P0030,C0049,10,0.105,150.63,1506.3,357.3,1149.0
O000532,2024-11-08,P0048,C0037,14,0.01,272.42,3813.88,1341.9,2471.98
O000533,2024-03-08,P0117,C0043,8,0.16,52.68,421.44,1284.64,-863.2
O000534,2024-12-09,P0035,C0039,8,0.055,95.1,760.8,1169.84,-409.04
O000535,2024-12-15,P0086,C0042,12,0.025,176.0,2112.0,480.96,1631.04
O000536,2024-08-01,P0038,C0017,7,0.016,67.92,475.44,705.39,-229.95
O000537,2024-01-03,P0031,C0015,10,0.13,166.14,1661.4,1679.1,-17.7
O000538,2024-04-30,P0078,C0018,14,0.127,224.99,3149.86,1865.5,1284.36
O000539,2024-09-16,P0024,C0023,12,0.126,78.15,937.8,610.56,327.24
O000540,2025-02-16,P0114,C0054,12,0.165,189.77,2277.24,816.72,1460.52
O000541,2024-09-22,P0049,C0051,9,0.063,98.21,883.89,718.11,165.78
O000542,2024-04-19,P0096,C0030,13,0.101,72.67,944.71,968.76,-24.05
O000543,2024-09-23,P0100,C0058,13,0.112,157.23,2043.99,357.76,1686.23
O000544,2024-08-14,P0032,C0034,16,0.176,136.14,2178.24,2352.0,-173.76
O000545,2024-11-23,P0055,C0058,5,0.056,283.7,1418.5,486.15,932.35
O000546,2024-02-14,P0079,C0004,7,0.172,237.18,1660.26,498.82,1161.44
O000547,2024-11-15,P0107,C0003,6,0.027,250.58,1503.48,594.6,908.88
O000548,2024-08-15,P0058,C0007,9,0.138,38.48,346.32,1576.35,-1230.03
O000549,2025-02-08,P0099,C0056,11,0.114,27.25,299.75,733.26,-433.51
O000550,2024-05-23,P0003,C0018,8,0.147,170.57,1364.56,491.92,872.64
O000551,2024-09-22,P0080,C0042,8,0.005,117.5,940.0,934.08,5.92
O000552,2025-01-26,P0069,C0007,4,0.014,258.19,1032.76,656.88,375.88
O000553,2024-02-13,P0085,C0040,11,0.013,154.97,1704.67,694.87,1009.8
O000554,2025-01-28,P0010,C0006,10,0.107,201.84,2018.4,1306.8,711.6
O000555,2024-10-15,P0083,C0022,9,0.109,170.52,1534.68,211.77,1322.91
O000556,2024-01-29,P0025,C0058,10,0.163,260.95,2609.5,785.9,1823.6
O000557,2024-05-06,P0068,C0001,8,0.084,95.77,766.16,447.44,318.72
O000558,2024-10-24,P0061,C0004,8,0.012,57.04,456.32,748.24,-291.92
O000559,2024-01-29,P0029,C0046,11,0.038,247.64,2724.04,636.24,2087.8
O000560,2024-09-01,P0019,C0049,7,0.001,215.35,1507.45,93.87,1413.58
O000561,2024-05-25,P0043,C0052,7,0.14,16.95,118.65,330.4,-211.75
O000562,2024-09-17,P0066,C0050,9,0.147,195.56,1760.04,850.14,909.9
O000563,2024-01-20,P0074,C0043,12,0.18,137.73,1652.76,595.56,1057.2
O000564,2025-01-01,P0061,C0029,9,0.074,53.46,481.14,841.77,-360.63
O000565,2025-02-12,P0043,C0021,12,0.003,19.65,235.8,566.4,-330.6
O000566,2025-02-10,P0025,C0026,9,0.042,298.68,2688.12,707.31,1980.81
O000567,2024-11-10,P0020,C0014,11,0.106,168.37,1852.07,1292.06,560.01
O000568,2024-02-24,P0048,C0009,7,0.173,227.57,1592.99,670.95,922.04
O000569,2024-11-14,P0083,C0059,9,0.019,187.74,1689.66,211.77,1477.89
O000570,2024-01-11,P0087,C0047,8,0.022,100.15,801.2,120.08,681.12
O000571,2024-01-10,P0024,C0012,8,0.126,78.15,625.2,407.04,218.16
O000572,2024-05-15,P0011,C0042,4,0.12,188.19,752.76,555.44,197.32
O000573,2024-07-24,P0110,C0051,-1,0.045,37.18,446.16,1947.84,-1501.68
O000574,2024-11-19,P0098,C0056,8,0.146,35.04,280.32,253.2,27.12
O000575,2024-10-13,P0055,C0051,7,0.023,293.62,2055.34,680.61,1374.73
O000576,2024-07-06,P0028,C0006,12,0.167,172.85,2074.2,254.88,1819.32
O000577,2024-04-24,P0069,C0020,3,0.036,252.43,757.29,492.66,264.63
O000578,2025-02-22,P0063,C0024,8,0.015,278.36,2226.88,455.92,1770.96
O000579,2024-06-27,P0059,C0027,10,0.061,190.22,1902.2,1735.4,166.8
O000580,2024-07-08,P0005,C0038,9,0.034,44.39,399.51,1201.41,-801.9
O000581,2024-03-09,P0051,C0008,13,0.095,248.51,3230.63,372.06,2858.57
O000582,2024-11-29,P0021,C0001,7,0.124,38.17,267.19,434.49,-167.3
O000583,2024-10-18,P0012,C0054,14,0.088,76.06,1064.84,1463.56,-398.72
O000584,2024-04-02,P0050,,12,0.119,116.69,1400.28,554.4,845.88
O000585,2024-02-04,P0004,C0049,13,0.066,16.63,216.19,831.09,-614.9
O000586,2024-10-12,P0118,C0024,5,0.005,90.86,454.3,710.7,-256.4
O000587,2024-10-01,P0113,C0047,15,0.175,222.73,3340.95,994.65,2346.3
O000588,2024-04-24,P0042,C0007,5,0.147,109.1,545.5,134.65,410.85
O000589,2025-02-03,P0084,C0019,13,0.013,25.62,333.06,1971.71,-1638.65
O000590,2024-03-04,P0038,C0022,6,0.081,63.43,380.58,604.62,-224.04
O000591,2024-06-30,P0025,C0057,7,0.114,276.23,1933.61,550.13,1383.48
O000592,2025-01-31,P0014,C0055,13,0.034,84.39,1097.07,1208.09,-111.02
O000593,2024-06-25,P0075,C0060,10,0.104,231.6,2316.0,1236.1,1079.9
O000594,2024-09-25,P0032,C0035,11,0.096,149.36,1642.96,1617.0,25.96
O000595,2024-06-15,P0011,C0030,10,0.037,205.94,2059.4,1388.6,670.8
O000596,2024-04-25,P0061,C0029,9,0.025,56.29,506.61,841.77,-335.16
O000597,2025-02-17,P0018,C0022,12,0.137,236.47,2837.64,318.72,2518.92
O000598,2024-06-20,P0027,C0011,8,0.058,270.42,2163.36,378.8,1784.56
O000599,2025-01-10,P0055,C0020,11,0.044,287.31,3160.41,1069.53,2090.88
O000600,2024-04-06,P0054,C0029,8,0.133,160.24,1281.92,508.72,773.2
O000601,2024-03-30,P0082,C0051,17,0.132,37.9,644.3,1702.55,-1058.25
O000602,2024-01-14,P0120,C0041,8,0.05,221.3,1770.4,179.76,1590.64
O000603,2024-09-30,P0087,C0042,13,0.157,86.32,1122.16,195.13,927.03
O000604,2024-06-03,P0075,C0034,6,0.124,226.43,1358.58,741.66,616.92
O000605,2024-12-29,P0021,C0001,8,0.062,40.87,326.96,496.56,-169.6
O000606,2024-07-17,P0044,C0031,12,0.077,275.18,3302.16,977.52,2324.64
O000607,2025-02-10,P0005,C0030,9,0.131,39.93,359.37,1201.41,-842.04
O000608,2024-03-18,P0087,C0048,12,0.038,98.51,1182.12,180.12,1002.0
O000609,2024-12-30,P0041,C0018,7,0.084,269.33,1885.31,438.9,1446.41
O000610,2024-11-22,P0059,C0055,10,0.118,178.68,1786.8,1735.4,51.4
O000611,2024-11-19,P0089,C0058,8,0.097,21.94,175.52,996.32,-820.8
O000612,2024-12-20,P0105,C0017,6,0.109,153.67,922.02,891.36,30.66
O000613,2024-11-15,P0054,C0038,9,0.098,166.71,1500.39,572.31,928.08
O000614,2024-09-20,P0074,C0014,5,0.036,161.91,809.55,248.15,561.4
O000615,2024-02-25,P0022,C0023,5,0.074,117.74,588.7,477.35,111.35
O000616,2024-01-14,P0083,C0025,5,0.096,173.01,865.05,117.65,747.4
O000617,2025-01-21,P0065,C0015,13,0.14,195.73,2544.49,1467.05,1077.44
O000618,2024-09-15,P0064,C0046,7,0.118,212.5,1487.5,100.38,1387.12
O000619,2024-11-30,P0071,C0056,10,0.077,257.94,2579.4,329.2,2250.2
O000620,2024-07-21,P0004,C0022,9,0.175,14.69,132.21,575.37,-443.16
O000621,2024-02-19,P0065,C0003,5,0.019,223.27,1116.35,564.25,552.1
O000622,2024-02-22,P0015,C0056,11,0.037,110.02,1210.22,1077.01,133.21
O000623,2024-10-14,P0104,C0055,14,0.061,293.56,4109.84,1701.28,2408.56
O000624,2024-06-29,P0076,C0019,8,0.041,204.5,1636.0,1112.0,524.0
O000625,2024-03-25,P0022,C0057,7,0.113,112.78,789.46,668.29,121.17
O000626,2024-07-25,P0086,C0044,12,0.007,179.25,2151.0,480.96,1670.04
O000627,2024-01-27,P0114,C0034,7,0.032,220.0,1540.0,476.42,1063.58
O000628,2024-09-01,P0047,C0035,9,0.053,292.53,2632.77,82.8,2549.97
O000629,2024-04-22,P0081,C0050,7,0.123,113.62,795.34,818.79,-23.45
O000630,2024-11-30,P0093,C0001,14,0.158,45.26,633.64,1665.58,-1031.94
O000631,2024-05-10,P0046,C0052,8,0.144,265.21,2121.68,1248.4,873.28
O000632,2024-07-10,P0014,C0021,6,0.033,84.48,506.88,557.58,-50.7
O000633,2024-01-05,P0050,C0029,9,0.102,118.94,1070.46,415.8,654.66
O000634,2024-01-31,P0020,C0006,6,0.005,187.39,1124.34,704.76,419.58
O000635,2024-06-13,P0050,C0037,13,0.056,125.03,1625.39,600.6,1024.79
O000636,2024-07-20,P0112,C0001,12,0.145,263.86,3166.32,1402.68,1763.64
O000637,2024-09-09,P0033,C0051,12,0.082,68.44,821.28,1403.4,-582.12
O000638,2024-05-02,P0119,C0001,9,0.027,177.58,1598.22,1065.87,532.35
O000639,2024-10-18,P0059,C0027,6,0.079,186.58,1119.48,1041.24,78.24
O000640,2024-12-27,P0043,C0021,10,0.036,19.0,190.0,472.0,-282.0
O000641,2024-11-23,P0079,C0053,13,0.071,266.11,3459.43,926.38,2533.05
O000642,2024-01-17,P0012,C0016,15,0.088,76.06,1140.9,1568.1,-427.2
O000643,2024-07-20,P0040,C0044,5,0.063,286.68,1433.4,810.65,622.75
O000644,2024-02-14,P0118,C0059,7,0.169,75.89,531.23,994.98,-463.75
O000645,2024-04-11,P0020,C0054,12,0.101,169.31,2031.72,1409.52,622.2
O000646,2025-02-18,P0094,C0040,10,0.152,147.79,1477.9,379.9,1098.0
O000647,2024-02-29,P0038,C0026,11,0.137,59.56,655.16,1108.47,-453.31
O000648,2024-07-28,P0003,C0016,6,0.119,176.16,1056.96,368.94,688.02
O000649,2024-09-16,P0028,C0028,5,0.089,189.03,945.15,106.2,838.95
O000650,2024-10-22,P0056,C0001,6,0.0,227.29,1363.74,773.52,590.22
O000651,2024-08-23,P0090,C0036,9,0.11,23.49,211.41,97.65,113.76
O000652,2024-01-05,P0094,C0010,13,0.064,163.13,2120.69,493.87,1626.82
O000653,2024-05-17,P0013,C0043,7,0.021,227.33,1591.31,984.27,607.04
O000654,2024-08-05,P0077,C0017,17,0.08,210.77,3583.09,830.79,2752.3
O000655,2024-02-06,P0066,C0057,6,0.132,199.0,1194.0,566.76,627.24
O000656,2024-05-27,P0037,C0059,8,0.173,175.22,1401.76,1292.16,109.6
O000657,2024-01-14,P0049,C0023,11,0.067,97.79,1075.69,877.69,198.0
O000658,2024-02-03,P0102,C0007,8,0.098,188.9,1511.2,1271.2,240.0
O000659,2024-06-15,P0066,C0044,11,0.153,194.18,2135.98,1039.06,1096.92
O000660,2024-02-25,P0036,C0053,7,0.06,21.07,147.49,280.63,-133.14
O000661,2024-08-26,P0054,C0007,9,0.026,180.01,1620.09,572.31,1047.78
O000662,2024-10-16,P0026,,11,0.051,128.01,1408.11,1517.45,-109.34
O000663,2024-12-02,P0075,C0015,6,0.162,216.61,1299.66,741.66,558.0
O000664,2024-03-25,P0072,C0034,7,0.029,285.03,1995.21,645.33,1349.88
O000665,2024-03-11,P0108,C0046,11,0.059,91.84,1010.24,545.6,464.64
O000666,2024-02-13,P0040,C0045,4,0.084,280.25,1121.0,648.52,472.48
O000667,2024-09-24,P0043,C0004,2,0.152,16.71,33.42,94.4,-60.98
O000668,2024-10-23,P0022,,6,0.169,105.66,633.96,572.82,61.14
O000669,2024-01-14,P0020,C0014,15,0.077,173.83,2607.45,1761.9,845.55
O000670,2025-01-28,P0008,C0016,9,0.168,53.29,479.61,802.98,-323.37
O000671,2024-01-22,P0029,C0007,8,0.029,249.95,1999.6,462.72,1536.88
O000672,2024-08-15,P0040,C0032,8,0.028,297.38,2379.04,1297.04,1082.0
O000673,2024-10-24,P0090,C0019,12,0.171,21.88,262.56,130.2,132.36
O000674,2024-12-31,P0030,C0002,9,0.092,152.82,1375.38,321.57,1053.81
O000675,2024-10-26,P0081,C0010,3,0.033,125.27,375.81,350.91,24.9
O000676,2024-12-02,P0084,C0050,15,0.088,23.68,355.2,2275.05,-1919.85
O000677,2024-05-22,P0116,C0017,10,0.141,58.28,582.8,1623.0,-1040.2
O000678,2024-12-08,P0055,C0037,6,0.149,255.75,1534.5,583.38,951.12
O000679,2024-02-03,P0016,C0012,12,0.156,204.82,2457.84,978.48,1479.36
O000680,2025-01-10,P0046,,8,0.103,277.92,2223.36,1248.4,974.96
O000681,2024-08-17,P0062,C0022,7,0.156,146.09,1022.63,418.25,604.38
O000682,2024-12-09,P0107,C0032,10,0.092,233.84,2338.4,991.0,1347.4
O000683,2024-07-08,P0007,C0041,10,0.109,14.74,147.4,1606.0,-1458.6
O000684,2024-09-27,P0080,C0020,8,0.137,101.91,815.28,934.08,-118.8
O000685,2024-08-09,P0045,C0001,6,0.077,134.39,806.34,892.2,-85.86
O000686,2024-11-03,P0059,,7,0.013,199.95,1399.65,1214.78,184.87
O000687,2024-02-04,P0111,C0047,8,0.063,21.3,170.4,1302.96,-1132.56
O000688,2024-01-26,P0056,C0053,14,0.112,201.83,2825.62,1804.88,1020.74
O000689,2024-04-13,P0048,C0058,8,0.035,265.54,2124.32,766.8,1357.52
O000690,2024-03-08,P0027,C0006,9,0.027,279.32,2513.88,426.15,2087.73
O000691,2025-01-01,P0053,C0019,3,0.053,63.16,189.48,510.54,-321.06
O000692,2024-04-02,P0087,C0018,9,0.006,101.79,916.11,135.09,781.02
O000693,2025-02-13,P0088,C0006,5,0.134,169.04,845.2,548.15,297.05
O000694,2024-05-21,P0073,C0045,11,0.047,162.92,1792.12,1952.83,-160.71
O000695,2024-03-17,P0035,C0033,12,0.022,98.43,1181.16,1754.76,-573.6
O000696,2024-11-27,P0051,C0023,8,0.126,240.0,1920.0,228.96,1691.04
O000697,2024-10-03,P0084,C0023,12,0.152,22.01,264.12,1820.04,-1555.92
O000698,2024-07-28,P0037,C0026,11,0.004,211.02,2321.22,1776.72,544.5
O000699,2024-08-21,P0106,C0013,-1,0.042,108.73,1304.76,1241.88,62.88
O000700,2024-10-29,P0081,C0007,13,0.17,107.53,1397.89,1520.61,-122.72
O000701,2024-04-05,P0111,C0015,8,0.069,21.16,169.28,1302.96,-1133.68
O000702,2025-02-22,P0095,C0044,8,0.169,207.63,1661.04,1014.72,646.32
O000703,2025-02-13,P0119,C0027,9,0.049,173.57,1562.13,1065.87,496.26
O000704,2024-09-30,P0057,C0026,11,0.039,181.5,1996.5,775.94,1220.56
O000705,2024-03-24,P0008,C0033,12,0.039,61.55,738.6,1070.64,-332.04
O000706,2024-10-12,P0079,C0015,11,0.015,282.15,3103.65,783.86,2319.79
O000707,2024-01-31,P0095,C0036,10,0.161,209.62,2096.2,1268.4,827.8
O000708,2024-01-13,P0117,C0045,4,0.176,51.67,206.68,642.32,-435.64
O000709,2024-04-18,P0094,C0055,8,0.172,144.3,1154.4,303.92,850.48
O000710,2024-07-13,P0110,C0027,4,0.153,32.97,131.88,649.28,-517.4
O000711,2024-12-30,P0020,C0057,11,0.152,159.7,1756.7,1292.06,464.64
O000712,2024-11-01,P0103,C0005,8,0.119,208.32,1666.56,418.96,1247.6
O000713,2024-11-07,P0053,C0002,7,0.149,56.76,397.32,1191.26,-793.94
O000714,2024-06-27,P0119,C0055,12,0.038,175.57,2106.84,1421.16,685.68
O000715,2024-05-25,P0012,C0058,8,0.07,77.56,620.48,836.32,-215.84
O000716,2024-06-04,P0049,C0033,13,0.115,92.76,1205.88,1037.27,168.61
O000717,2025-02-18,P0017,C0016,5,0.157,179.68,898.4,61.85,836.55
O000718,2024-01-17,P0064,C0023,9,0.119,212.26,1910.34,129.06,1781.28
O000719,2024-12-30,P0042,C0038,9,0.151,108.59,977.31,242.37,734.94
O000720,2024-08-31,P0094,C0055,5,0.085,159.47,797.35,189.95,607.4
O000721,2024-07-03,P0029,C0016,-1,0.129,224.21,2690.52,694.08,1996.44
O000722,2024-10-31,P0019,C0014,8,0.176,177.63,1421.04,107.28,1313.76
O000723,2024-07-23,P0110,C0029,9,0.028,37.84,340.56,1460.88,-1120.32
O000724,2025-01-01,P0011,C0026,12,0.167,178.14,2137.68,1666.32,471.36
O000725,2025-01-13,P0098,C0035,4,0.094,37.17,148.68,126.6,22.08
O000726,2024-06-26,P0050,C0015,11,0.116,117.09,1287.99,508.2,779.79
O000727,2024-04-26,P0071,C0003,12,0.158,235.31,2823.72,395.04,2428.68
O000728,2024-09-05,P0108,C0023,4,0.074,90.38,361.52,198.4,163.12
O000729,2025-01-18,P0058,C0029,11,0.075,41.29,454.19,1926.65,-1472.46
O000730,2024-03-29,P0034,C0034,10,0.095,212.99,2129.9,1578.9,551.0
O000731,2024-09-18,P0020,C0033,9,0.003,187.77,1689.93,1057.14,632.79
O000732,2024-09-22,P0050,C0041,10,0.089,120.66,1206.6,462.0,744.6
O000733,2024-11-03,P0102,C0041,8,0.052,198.53,1588.24,1271.2,317.04
O000734,2024-02-25,P0088,C0023,7,0.167,162.6,1138.2,767.41,370.79
O000735,2024-10-27,P0010,C0007,11,0.016,222.41,2446.51,1437.48,1009.03
O000736,2025-01-16,P0032,C0003,13,0.083,151.51,1969.63,1911.0,58.63
O000737,2024-03-16,P0052,C0058,9,0.171,92.57,833.13,594.63,238.5
O000738,2024-04-09,P0015,C0032,10,0.162,95.74,957.4,979.1,-21.7
O000739,2025-02-11,P0101,C0031,12,0.126,157.22,1886.64,2004.6,-117.96
O000740,2024-03-17,P0084,C0018,10,0.106,23.21,232.1,1516.7,-1284.6
O000741,2024-12-24,P0003,C0043,7,0.051,189.76,1328.32,430.43,897.89
O000742,2024-07-25,P0037,C0007,9,0.066,197.89,1781.01,1453.68,327.33
O000743,2024-04-13,P0040,C0041,7,0.016,301.05,2107.35,1134.91,972.44
O000744,2024-12-31,P0072,C0001,10,0.141,252.15,2521.5,921.9,1599.6
O000745,2024-07-06,P0040,C0014,8,0.058,288.2,2305.6,1297.04,1008.56
O000746,2024-08-04,P0108,C0052,8,0.12,85.89,687.12,396.8,290.32
O000747,2024-05-30,P0056,C0032,7,0.064,212.74,1489.18,902.44,586.74
O000748,2024-09-06,P0023,,10,0.084,87.84,878.4,1641.0,-762.6
O000749,2024-03-09,P0104,C0039,14,0.1,281.37,3939.18,1701.28,2237.9
O000750,2024-06-13,P0011,C0010,6,0.144,183.06,1098.36,833.16,265.2
O000751,2025-02-11,P0110,C0007,3,0.038,37.45,112.35,486.96,-374.61
O000752,2024-04-18,P0064,C0026,6,0.072,223.58,1341.48,86.04,1255.44
O000753,2024-10-02,P0008,C0034,7,0.023,62.58,438.06,624.54,-186.48
O000754,2024-05-16,P0093,C0030,10,0.014,53.0,530.0,1189.7,-659.7
O000755,2024-11-20,P0094,C0036,12,0.109,155.28,1863.36,455.88,1407.48
O000756,2024-02-24,P0056,C0021,10,0.034,219.56,2195.6,1289.2,906.4
O000757,2025-02-11,P0060,C0060,6,0.011,313.48,1880.88,307.86,1573.02
O000758,2024-07-09,P0010,C0017,11,0.161,189.64,2086.04,1437.48,648.56
O000759,2024-04-09,P0039,C0033,6,0.096,272.86,1637.16,881.28,755.88
O000760,2024-01-31,P0028,C0010,15,0.024,202.52,3037.8,318.6,2719.2
O000761,2024-03-12,P0049,C0051,6,0.01,103.76,622.56,478.74,143.82
O000762,2024-08-06,P0036,C0047,9,0.022,21.93,197.37,360.81,-163.44
O000763,2024-05-21,P0013,C0042,7,0.085,212.47,1487.29,984.27,503.02
O000764,2024-12-14,P0096,C0051,14,0.12,71.13,995.82,1043.28,-47.46
O000765,2024-06-29,P0036,C0012,9,0.115,19.84,178.56,360.81,-182.25
O000766,2024-04-14,P0101,C0056,7,0.026,175.21,1226.47,1169.35,57.12
O000767,2024-09-16,P0026,C0016,8,0.114,119.51,956.08,1103.6,-147.52
O000768,2024-10-23,P0086,C0041,6,0.073,167.33,1003.98,240.48,763.5
O000769,2024-03-11,P0004,C0032,12,0.084,16.31,195.72,767.16,-571.44
O000770,2024-03-11,P0095,C0015,12,0.144,213.87,2566.44,1522.08,1044.36
O000771,2024-01-16,P0082,C0027,10,0.06,41.04,410.4,1001.5,-591.1
O000772,2024-11-05,P0064,C0028,6,0.026,234.67,1408.02,86.04,1321.98
O000773,2024-10-05,P0038,C0017,12,0.157,58.18,698.16,1209.24,-511.08
O000774,2024-07-18,P0088,C0046,7,0.038,187.78,1314.46,767.41,547.05
O000775,2024-12-20,P0120,C0059,11,0.053,220.6,2426.6,247.17,2179.43
O000776,2024-12-04,P0087,C0050,5,0.127,89.4,447.0,75.05,371.95
O000777,2024-09-02,P0022,C0058,8,0.123,111.51,892.08,763.76,128.32
O000778,2024-12-30,P0002,C0002,12,0.144,247.44,2969.28,227.16,2742.12
O000779,2024-03-27,P0031,C0036,11,0.033,184.66,2031.26,1847.01,184.25
O000780,2024-02-17,P0119,C0050,8,0.063,171.01,1368.08,947.44,420.64
O000781,2024-04-23,P0011,C0007,11,0.023,208.93,2298.23,1527.46,770.77
O000782,2024-01-24,P0092,C0013,9,0.097,112.75,1014.75,422.64,592.11
O000783,2024-08-11,P0046,C0015,4,0.053,293.41,1173.64,624.2,549.44
O000784,2025-01-28,P0096,C0025,8,0.124,70.81,566.48,596.16,-29.68
O000785,2024-01-17,P0062,C0023,7,0.0,173.09,1211.63,418.25,793.38
O000786,2024-02-21,P0069,C0060,9,0.011,258.98,2330.82,1477.98,852.84
O000787,2024-07-08,P0064,C0022,10,0.078,222.14,2221.4,143.4,2078.0
O000788,2025-01-27,P0102,C0026,11,0.172,173.4,1907.4,1747.9,159.5
O000789,2024-05-12,P0010,C0033,13,0.16,189.87,2468.31,1698.84,769.47
O000790,2024-08-01,P0040,C0011,11,0.179,251.18,2762.98,1783.43,979.55
O000791,2024-01-18,P0110,C0010,8,0.075,36.01,288.08,1298.56,-1010.48
O000792,2024-03-03,P0024,C0025,8,0.008,88.7,709.6,407.04,302.56
O000793,2025-02-18,P0099,C0037,14,0.055,29.07,406.98,933.24,-526.26
O000794,2025-02-09,P0044,C0048,9,0.122,261.77,2355.93,733.14,1622.79
O000795,2024-01-03,P0112,C0043,14,0.024,301.2,4216.8,1636.46,2580.34
O000796,2025-02-03,P0060,C0053,6,0.054,299.85,1799.1,307.86,1491.24
O000797,2024-09-25,P0062,C0038,8,0.01,171.36,1370.88,478.0,892.88
O000798,2024-12-30,P0087,C0041,-1,0.085,93.7,937.0,150.1,786.9
O000799,2024-07-09,P0017,C0045,4,0.038,205.04,820.16,49.48,770.68
O000800,2024-08-04,P0065,C0024,12,0.016,223.95,2687.4,1354.2,1333.2
O000801,2024-07-24,P0119,C0040,6,0.074,169.0,1014.0,710.58,303.42
O000802,2024-10-07,P0095,C0046,7,0.063,234.11,1638.77,887.88,750.89
O000803,2024-02-28,P0095,C0056,9,0.097,225.61,2030.49,1141.56,888.93
O000804,2024-01-13,P0106,C0033,5,0.135,98.18,490.9,517.45,-26.55
O000805,2024-05-09,P0057,C0017,6,0.02,185.09,1110.54,423.24,687.3
O000806,2024-10-22,P0055,C0024,16,0.142,257.85,4125.6,1555.68,2569.92
O000807,2024-03-25,P0106,C0037,5,0.005,112.93,564.65,517.45,47.2
O000808,2024-10-09,P0053,C0057,6,0.08,61.36,368.16,1021.08,-652.92
O000809,2025-02-11,P0056,C0002,15,0.106,203.2,3048.0,1933.8,1114.2
O000810,2024-02-09,P0098,C0032,6,0.172,33.97,203.82,189.9,13.92
O000811,2024-10-09,P0009,C0057,13,0.103,163.58,2126.54,371.41,1755.13
O000812,2024-07-05,P0022,C0060,14,0.029,123.46,1728.44,1336.58,391.86
O000813,2024-12-30,P0013,C0024,6,0.093,210.61,1263.66,843.66,420.0
O000814,2024-03-15,P0089,C0009,7,0.071,22.57,157.99,871.78,-713.79
O000815,2024-10-17,P0048,C0004,9,0.086,251.51,2263.59,862.65,1400.94
O000816,2024-12-18,P0018,C0017,9,0.035,264.42,2379.78,239.04,2140.74
O000817,2025-01-31,P0115,C0017,7,0.09,127.15,890.05,930.02,-39.97
O000818,2024-10-13,P0076,C0053,4,0.027,207.48,829.92,556.0,273.92
O000819,2024-07-27,P0040,C0050,11,0.134,264.95,2914.45,1783.43,1131.02
O000820,2024-09-16,P0017,C0048,7,0.107,190.33,1332.31,86.59,1245.72
O000821,2024-12-30,P0015,C0030,8,0.014,112.65,901.2,783.28,117.92
O000822,2024-08-27,P0106,C0040,5,0.16,95.34,476.7,517.45,-40.75
O000823,2024-01-13,P0015,C0058,8,0.111,101.57,812.56,783.28,29.28
O000824,2025-01-25,P0079,C0011,11,0.057,270.12,2971.32,783.86,2187.46
O000825,2024-10-16,P0063,C0021,5,0.008,280.34,1401.7,284.95,1116.75
O000826,2024-10-11,P0119,C0021,11,0.114,161.7,1778.7,1302.73,475.97
O000827,2024-03-31,P0039,C0018,8,0.067,281.62,2252.96,1175.04,1077.92
O000828,2024-10-03,P0013,C0055,12,0.163,194.36,2332.32,1687.32,645.0
O000829,2024-06-14,P0081,C0029,10,0.006,128.77,1287.7,1169.7,118.0
O000830,2024-09-30,P0032,C0024,8,0.007,164.06,1312.48,1176.0,136.48
O000831,2024-02-14,P0009,C0010,10,0.171,151.18,1511.8,285.7,1226.1
O000832,2024-10-03,P0040,C0045,7,0.174,252.71,1768.97,1134.91,634.06
O000833,2025-02-23,P0020,C0017,9,0.005,187.39,1686.51,1057.14,629.37
O000834,2024-01-21,P0090,C0018,7,0.129,22.99,160.93,75.95,84.98
O000835,2025-02-14,P0091,C0042,9,0.04,255.25,2297.25,864.72,1432.53
O000836,2024-06-19,P0085,C0048,11,0.126,137.23,1509.53,694.87,814.66
O000837,2024-12-31,P0082,C0020,10,0.156,36.85,368.5,1001.5,-633.0
O000838,2024-11-24,P0077,C0037,8,0.018,224.98,1799.84,390.96,1408.88
O000839,2024-08-26,P0080,C0045,14,0.043,113.01,1582.14,1634.64,-52.5
O000840,2024-11-06,P0073,C0018,10,0.004,170.28,1702.8,1775.3,-72.5
O000841,2025-01-03,P0063,C0017,11,0.008,280.34,3083.74,626.89,2456.85
O000842,2024-06-18,P0076,C0009,8,0.005,212.17,1697.36,1112.0,585.36
O000843,2024-05-17,P0044,C0014,10,0.144,255.21,2552.1,814.6,1737.5
O000844,2024-10-07,P0038,C0049,8,0.054,65.29,522.32,806.16,-283.84
O000845,2024-12-05,P0083,C0029,10,0.089,174.35,1743.5,235.3,1508.2
O000846,2024-11-16,P0060,C0031,11,0.142,271.96,2991.56,564.41,2427.15
O000847,2024-12-01,P0071,C0004,7,0.089,254.59,1782.13,230.44,1551.69
O000848,2024-07-01,P0099,C0018,7,0.077,28.39,198.73,466.62,-267.89
O000849,2024-12-09,P0048,C0059,2,0.002,274.62,549.24,191.7,357.54
O000850,2024-02-20,P0018,C0020,11,0.102,246.06,2706.66,292.16,2414.5
O000851,2024-08-16,P0016,C0056,6,0.022,237.34,1424.04,489.24,934.8
O000852,2024-01-03,P0055,C0056,14,0.138,259.06,3626.84,1361.22,2265.62
O000853,2024-05-16,P0039,C0047,14,0.046,287.96,4031.44,2056.32,1975.12
O000854,2024-06-02,P0068,C0043,12,0.121,91.9,1102.8,671.16,431.64
O000855,2024-06-15,P0059,C0044,10,0.116,179.08,1790.8,1735.4,55.4
O000856,2024-10-19,P0089,C0009,8,0.111,21.6,172.8,996.32,-823.52
O000857,2024-06-12,P0096,C0013,7,0.048,76.95,538.65,521.64,17.01
O000858,2024-07-07,P0062,C0015,10,0.048,164.78,1647.8,597.5,1050.3
O000859,2024-04-09,P0104,C0027,9,0.155,264.17,2377.53,1093.68,1283.85
O000860,2024-06-05,P0013,C0015,7,0.002,231.75,1622.25,984.27,637.98
O000861,2024-04-05,P0109,C0028,11,0.033,143.98,1583.78,264.11,1319.67
O000862,2024-01-31,P0081,C0037,10,0.11,115.3,1153.0,1169.7,-16.7
O000863,2024-09-10,P0113,C0055,8,0.147,230.28,1842.24,530.48,1311.76
O000864,2024-10-07,P0101,C0019,11,0.065,168.2,1850.2,1837.55,12.65
O000865,2024-09-17,P0006,C0026,9,0.118,191.72,1725.48,1058.94,666.54
O000866,2024-07-13,P0083,C0052,7,0.1,172.24,1205.68,164.71,1040.97
O000867,2024-06-08,P0077,C0026,8,0.012,226.35,1810.8,390.96,1419.84
O000868,2024-12-28,P0060,C0025,11,0.112,281.47,3096.17,564.41,2531.76
O000869,2024-08-06,P0090,C0026,6,0.147,22.51,135.06,65.1,69.96
O000870,2024-07-20,P0014,C0026,10,0.179,71.72,717.2,929.3,-212.1
O000871,2024-01-11,P0095,C0046,6,0.005,248.6,1491.6,761.04,730.56
O000872,2024-05-23,P0054,C0028,9,0.119,162.83,1465.47,572.31,893.16
O000873,2024-06-08,P0004,C0049,5,0.075,16.47,82.35,319.65,-237.3
O000874,2024-06-16,P0039,C0018,8,0.002,301.24,2409.92,1175.04,1234.88
O000875,2024-08-31,P0072,C0032,6,0.111,260.96,1565.76,553.14,1012.62
O000876,2024-08-12,P0025,C0053,17,0.022,304.91,5183.47,1336.03,3847.44
O000877,2024-09-12,P0077,C0003,3,0.068,213.52,640.56,146.61,493.95
O000878,2024-11-17,P0032,C0002,9,0.047,157.45,1417.05,1323.0,94.05
O000879,2024-12-07,P0059,C0033,10,0.065,189.41,1894.1,1735.4,158.7
O000880,2024-10-28,P0102,C0042,12,0.089,190.78,2289.36,1906.8,382.56
O000881,2025-02-05,P0063,C0019,9,0.065,264.23,2378.07,512.91,1865.16
O000882,2024-01-08,P0038,C0017,7,0.099,62.19,435.33,705.39,-270.06
O000883,2024-03-23,P0120,C0044,12,0.043,222.93,2675.16,269.64,2405.52
O000884,2024-01-04,P0092,C0033,8,0.114,110.63,885.04,375.68,509.36
O000885,2024-09-28,P0053,C0012,11,0.154,56.43,620.73,1871.98,-1251.25
O000886,2025-01-12,P0094,C0049,11,0.04,167.31,1840.41,417.89,1422.52
O000887,2024-04-12,P0067,C0056,9,0.091,113.3,1019.7,151.65,868.05
O000888,2025-01-24,P0028,C0003,8,0.117,183.22,1465.76,169.92,1295.84
O000889,2024-01-26,P0003,C0043,4,0.102,179.56,718.24,245.96,472.28
O000890,2025-01-27,P0109,C0049,14,0.066,139.06,1946.84,336.14,1610.7
O000891,2024-05-27,P0118,C0055,8,0.116,80.73,645.84,1137.12,-491.28
O000892,2024-02-12,P0098,C0026,8,0.005,40.82,326.56,253.2,73.36
O000893,2024-07-23,P0080,C0035,13,0.067,110.18,1432.34,1517.88,-85.54
O000894,2024-04-17,P0022,C0008,6,0.096,114.94,689.64,572.82,116.82
O000895,2024-04-29,P0096,C0052,8,0.004,80.51,644.08,596.16,47.92
O000896,2024-05-09,P0038,C0036,8,0.091,62.74,501.92,806.16,-304.24
O000897,2024-12-03,P0072,C0053,7,0.118,258.9,1812.3,645.33,1166.97
O000898,2024-08-14,P0119,C0054,10,0.137,157.51,1575.1,1184.3,390.8
O000899,2024-05-10,P0072,C0007,7,0.02,287.67,2013.69,645.33,1368.36
O000900,2024-09-13,P0062,C0046,8,0.178,142.28,1138.24,478.0,660.24
O000901,2024-10-27,P0057,C0046,12,0.109,168.28,2019.36,846.48,1172.88
O000902,2024-04-24,P0006,C0036,11,0.065,203.24,2235.64,1294.26,941.38
O000903,2024-06-22,P0078,C0016,5,0.045,246.12,1230.6,666.25,564.35
O000904,2024-02-21,P0032,C0024,12,0.103,148.2,1778.4,1764.0,14.4
O000905,2024-03-17,P0099,C0054,10,0.159,25.87,258.7,666.6,-407.9
O000906,2024-10-13,P0010,C0001,12,0.094,204.78,2457.36,1568.16,889.2
O000907,2024-03-17,P0003,C0049,5,0.119,176.16,880.8,307.45,573.35
O000908,2024-08-08,P0059,C0025,8,0.064,189.61,1516.88,1388.32,128.56
O000909,2024-10-24,P0076,C0010,8,0.07,198.31,1586.48,1112.0,474.48
O000910,2024-02-14,P0049,C0054,13,0.052,99.36,1291.68,1037.27,254.41
O000911,2024-08-26,P0059,,8,0.127,176.85,1414.8,1388.32,26.48
O000912,2024-04-17,P0031,C0016,15,0.065,178.55,2678.25,2518.65,159.6
O000913,2025-02-08,P0093,C0058,8,0.034,51.92,415.36,951.76,-536.4
O000914,2024-07-22,P0069,C0008,4,0.066,244.58,978.32,656.88,321.44
O000915,2024-12-04,P0062,C0029,10,0.154,146.43,1464.3,597.5,866.8
O000916,2024-08-19,P0052,C0039,14,0.133,96.81,1355.34,924.98,430.36
O000917,2024-01-19,P0089,C0028,7,0.06,22.84,159.88,871.78,-711.9
O000918,2024-09-22,P0041,C0006,6,0.163,246.1,1476.6,376.2,1100.4
O000919,2025-02-03,P0031,C0016,7,0.013,188.48,1319.36,1175.37,143.99
O000920,2024-09-09,P0085,C0020,6,0.009,155.6,933.6,379.02,554.58
O000921,2024-12-10,P0084,C0016,6,0.023,25.36,152.16,910.02,-757.86
O000922,2025-01-06,P0103,C0007,7,0.021,231.49,1620.43,366.59,1253.84
O000923,2024-04-05,P0022,C0041,16,0.016,125.12,2001.92,1527.52,474.4
O000924,2024-03-30,P0004,C0014,8,0.119,15.69,125.52,511.44,-385.92
O000925,2024-09-13,P0013,C0043,10,0.108,207.13,2071.3,1406.1,665.2
O000926,2024-06-21,P0045,C0026,11,0.117,128.56,1414.16,1635.7,-221.54
O000927,2024-12-18,P0042,C0026,11,0.124,112.04,1232.44,296.23,936.21
O000928,2025-01-13,P0114,C0014,8,0.136,196.36,1570.88,544.48,1026.4
O000929,2024-05-28,P0049,C0007,10,0.037,100.93,1009.3,797.9,211.4
O000930,2024-04-09,P0020,C0033,7,0.112,167.24,1170.68,822.22,348.46
O000931,2024-11-23,P0116,C0026,8,0.104,60.79,486.32,1298.4,-812.08
O000932,2024-04-25,P0077,C0057,10,0.17,190.15,1901.5,488.7,1412.8
O000933,2024-12-11,P0081,C0045,8,0.042,124.11,992.88,935.76,57.12
O000934,2024-06-26,P0054,,6,0.011,182.79,1096.74,381.54,715.2
O000935,2024-10-07,P0036,C0003,10,0.118,19.77,197.7,400.9,-203.2
O000936,2024-02-10,P0097,C0052,6,0.133,177.72,1066.32,1014.72,51.6
O000937,2024-09-19,P0001,C0004,9,0.051,61.02,549.18,584.19,-35.01
O000938,2024-07-08,P0015,C0026,6,0.103,102.48,614.88,587.46,27.42
O000939,2024-09-03,P0077,C0011,13,0.011,226.58,2945.54,635.31,2310.23
O000940,2024-03-11,P0017,C0002,7,0.173,176.27,1233.89,86.59,1147.3
O000941,2024-11-05,P0024,C0014,10,0.02,87.63,876.3,508.8,367.5
O000942,2024-12-28,P0058,C0044,2,0.012,44.1,88.2,350.3,-262.1
O000943,2024-04-01,P0072,C0030,10,0.008,291.19,2911.9,921.9,1990.0
O000944,2024-02-10,P0114,C0049,9,0.077,209.77,1887.93,612.54,1275.39
O000945,2024-01-10,P0091,C0012,11,0.017,261.37,2875.07,1056.88,1818.19
O000946,2024-09-26,P0109,C0026,11,0.134,128.94,1418.34,264.11,1154.23
O000947,2024-09-11,P0023,C0044,6,0.162,80.36,482.16,984.6,-502.44
O000948,2024-08-17,P0046,C0033,13,0.047,295.27,3838.51,2028.65,1809.86
O000949,2024-04-07,P0072,C0013,4,0.113,260.37,1041.48,368.76,672.72
O000950,2024-06-13,P0008,C0014,7,0.008,63.54,444.78,624.54,-179.76
O000951,2024-09-06,P0059,C0024,7,0.07,188.4,1318.8,1214.78,104.02
O000952,2024-07-27,P0090,C0034,9,0.053,24.99,224.91,97.65,127.26
O000953,2025-02-18,P0111,C0044,5,0.041,21.8,109.0,814.35,-705.35
O000954,2024-02-27,P0059,C0026,9,0.116,179.08,1611.72,1561.86,49.86
O000955,2024-10-18,P0013,C0021,8,0.023,226.87,1814.96,1124.88,690.08
O000956,2024-06-18,P0039,C0028,7,0.155,255.05,1785.35,1028.16,757.19
O000957,2024-06-28,P0101,C0048,6,0.12,158.3,949.8,1002.3,-52.5
O000958,2024-10-28,P0113,C0036,13,0.128,235.41,3060.33,862.03,2198.3
O000959,2024-10-17,P0028,C0040,15,0.168,172.64,2589.6,318.6,2271.0
O000960,2025-02-20,P0089,C0002,11,0.17,20.17,221.87,1369.94,-1148.07
O000961,2024-02-23,P0061,C0042,8,0.099,52.01,416.08,748.24,-332.16
O000962,2024-02-13,P0016,C0009,4,0.089,221.08,884.32,326.16,558.16
O000963,2024-10-31,P0119,C0023,-1,0.06,171.56,857.8,592.15,265.65
O000964,2024-08-30,P0002,C0015,15,0.129,251.77,3776.55,283.95,3492.6
O000965,2024-04-25,P0118,C0013,7,0.097,82.46,577.22,994.98,-417.76
O000966,2024-02-03,P0082,C0023,11,0.168,36.33,399.63,1101.65,-702.02
O000967,2024-02-05,P0017,C0017,11,0.043,203.97,2243.67,136.07,2107.6
O000968,2025-01-10,P0030,C0048,11,0.056,158.88,1747.68,393.03,1354.65
O000969,2024-03-21,P0103,C0060,10,0.057,222.98,2229.8,523.7,1706.1
O000970,2024-05-15,P0013,C0002,10,0.145,198.54,1985.4,1406.1,579.3
O000971,2024-04-05,P0096,C0020,6,0.018,79.38,476.28,447.12,29.16
O000972,2024-05-29,P0114,C0020,9,0.082,208.63,1877.67,612.54,1265.13
O000973,2024-01-30,P0093,C0059,7,0.077,49.61,347.27,832.79,-485.52
O000974,2024-08-06,P0110,C0046,11,0.013,38.42,422.62,1785.52,-1362.9
O000975,2024-01-29,P0094,C0003,12,0.074,161.38,1936.56,455.88,1480.68
O000976,2024-12-02,P0082,C0055,10,0.092,39.64,396.4,1001.5,-605.1
O000977,2024-04-08,P0013,C0012,9,0.012,229.42,2064.78,1265.49,799.29
O000978,2024-08-14,P0043,C0040,10,0.092,17.9,179.0,472.0,-293.0
O000979,2025-01-04,P0085,C0002,6,0.173,129.85,779.1,379.02,400.08
O000980,2024-09-30,P0094,C0036,13,0.176,143.61,1866.93,493.87,1373.06
O000981,2024-08-11,P0021,C0014,6,0.096,39.39,236.34,372.42,-136.08
O000982,2024-05-16,P0112,C0016,11,0.093,279.91,3079.01,1285.79,1793.22
O000983,2024-05-19,P0055,C0019,10,0.051,285.2,2852.0,972.3,1879.7
O000984,2024-10-08,P0081,C0034,15,0.179,106.36,1595.4,1754.55,-159.15
O000985,2025-02-21,P0040,C0044,12,0.049,290.96,3491.52,1945.56,1545.96
O000986,2024-10-04,P0083,C0046,11,0.082,175.69,1932.59,258.83,1673.76
O000987,2024-08-22,P0116,C0006,15,0.001,67.78,1016.7,2434.5,-1417.8
O000988,2024-11-02,P0015,C0013,11,0.063,107.05,1177.55,1077.01,100.54
O000989,2024-07-14,P0073,C0036,9,0.013,168.74,1518.66,1597.77,-79.11
O000990,2024-01-26,P0052,C0022,8,0.134,96.7,773.6,528.56,245.04
O000991,2024-08-24,P0074,C0018,11,0.101,151.0,1661.0,545.93,1115.07
O000992,2025-02-06,P0108,C0012,7,0.103,87.55,612.85,347.2,265.65
O000993,2024-03-14,P0095,C0052,9,0.052,236.86,2131.74,1141.56,990.18
O000994,2024-10-16,P0053,C0059,8,0.147,56.9,455.2,1361.44,-906.24
O000995,2024-03-25,P0087,C0054,13,0.001,102.3,1329.9,195.13,1134.77
O000996,2024-08-13,P0052,C0030,5,0.06,104.96,524.8,330.35,194.45
O000997,2024-02-10,P0030,C0053,12,0.119,148.27,1779.24,428.76,1350.48
O000998,2024-07-08,P0033,C0051,11,0.163,62.4,686.4,1286.45,-600.05
O000999,2024-11-13,P0057,C0040,9,0.042,180.94,1628.46,634.86,993.6
O001000,2024-05-25,P0052,C0007,9,0.097,100.83,907.47,594.63,312.84
O001001,2024-10-06,P0009,C0032,14,0.097,164.67,2305.38,399.98,1905.4
O001002,2024-11-30,P0054,C0048,12,0.157,155.8,1869.6,763.08,1106.52
O001003,2025-01-24,P0111,C0019,10,0.009,22.53,225.3,1628.7,-1403.4
O001004,2024-04-08,P0001,C0006,7,0.076,59.41,415.87,454.37,-38.5
O001005,2024-06-16,P0044,C0020,3,0.033,288.3,864.9,244.38,620.52
O001006,2024-03-05,P0099,C0027,12,0.004,30.64,367.68,799.92,-432.24
O001007,2025-02-20,P0075,C0053,8,0.026,251.76,2014.08,988.88,1025.2
O001008,2025-01-24,P0098,C0043,16,0.176,33.81,540.96,506.4,34.56
O001009,2024-08-14,P0080,C0037,7,0.039,113.48,794.36,817.32,-22.96
O001010,2024-12-19,P0009,C0048,9,0.168,151.72,1365.48,257.13,1108.35
O001011,2024-08-06,P0032,C0007,6,0.037,159.11,954.66,882.0,72.66
O001012,2024-09-18,P0015,C0059,11,0.168,95.06,1045.66,1077.01,-31.35
O001013,2024-02-07,P0012,C0005,6,0.118,73.56,441.36,627.24,-185.88
O001014,2024-11-13,P0097,C0011,5,0.02,200.88,1004.4,845.6,158.8
O001015,2024-02-23,P0109,C0015,6,0.105,133.26,799.56,144.06,655.5
O001016,2024-12-12,P0078,C0003,10,0.057,243.03,2430.3,1332.5,1097.8
O001017,2024-11-24,P0057,C0058,11,0.069,175.84,1934.24,775.94,1158.3
O001018,2024-10-24,P0008,C0005,11,0.079,58.99,648.89,981.42,-332.53
O001019,2024-01-16,P0072,C0023,5,0.076,271.23,1356.15,460.95,895.2
O001020,2024-05-07,P0027,C0053,12,0.12,252.62,3031.44,568.2,2463.24
O001021,2024-04-20,P0062,C0037,10,0.138,149.2,1492.0,597.5,894.5
O001022,2024-05-31,P0012,C0009,-1,0.059,78.48,549.36,731.78,-182.42
O001023,2024-02-06,P0065,C0015,13,0.166,189.81,2467.53,1467.05,1000.48
O001024,2025-01-28,P0107,C0003,9,0.169,214.01,1926.09,891.9,1034.19
O001025,2024-08-20,P0104,C0029,8,0.007,310.44,2483.52,972.16,1511.36
O001026,2024-05-08,P0042,C0006,6,0.003,127.52,765.12,161.58,603.54
O001027,2024-06-15,P0062,C0017,-1,0.077,159.76,1757.36,657.25,1100.11
O001028,2024-07-06,P0115,C0026,10,0.106,124.92,1249.2,1328.6,-79.4
O001029,2024-09-09,P0011,C0021,9,0.05,203.16,1828.44,1249.74,578.7
O001030,2024-08-04,P0103,C0008,10,0.047,225.35,2253.5,523.7,1729.8
O001031,2025-01-21,P0043,C0021,8,0.122,17.31,138.48,377.6,-239.12
O001032,2024-07-27,P0095,C0057,3,0.108,222.87,668.61,380.52,288.09
O001033,2025-02-20,P0017,C0011,5,0.03,206.75,1033.75,61.85,971.9
O001034,2024-12-23,P0097,C0038,8,0.159,172.39,1379.12,1352.96,26.16
O001035,2024-03-28,P0032,C0008,5,0.122,145.06,725.3,735.0,-9.7
O001036,2025-01-25,P0093,C0042,7,0.065,50.26,351.82,832.79,-480.97
O001037,2024-02-18,P0085,C0024,10,0.123,137.7,1377.0,631.7,745.3
O001038,2024-12-09,P0085,C0035,5,0.02,153.87,769.35,315.85,453.5
O001039,2024-06-08,P0040,C0055,11,0.084,280.25,3082.75,1783.43,1299.32
O001040,2025-01-03,P0023,C0014,8,0.03,93.01,744.08,1312.8,-568.72
O001041,2024-12-30,P0056,C0055,12,0.007,225.7,2708.4,1547.04,1161.36
O001042,2024-12-04,P0006,C0014,5,0.061,204.11,1020.55,588.3,432.25
O001043,2024-11-27,P0086,C0010,17,0.027,175.64,2985.88,681.36,2304.52
O001044,2024-05-07,P0050,C0012,9,0.114,117.35,1056.15,415.8,640.35
O001045,2024-02-03,P0102,C0038,6,0.121,184.08,1104.48,953.4,151.08
O001046,2024-06-18,P0037,C0044,9,0.027,206.15,1855.35,1453.68,401.67
O001047,2024-03-13,P0109,C0055,5,0.004,148.29,741.45,120.05,621.4
O001048,2024-10-18,P0064,C0046,9,0.143,206.48,1858.32,129.06,1729.26
O001049,2024-05-25,P0115,C0034,10,0.0,139.73,1397.3,1328.6,68.7
O001050,2025-02-13,P0054,C0041,10,0.062,173.36,1733.6,635.9,1097.7
O001051,2024-09-26,P0072,C0010,11,0.089,267.41,2941.51,1014.09,1927.42
O001052,2024-12-11,P0105,C0058,7,0.147,147.12,1029.84,1039.92,-10.08
O001053,2024-02-25,P0049,C0017,8,0.151,88.98,711.84,638.32,73.52
O001054,2024-12-28,P0099,C0017,10,0.13,26.76,267.6,666.6,-399.0
O001055,2025-01-22,P0115,C0003,8,0.044,133.58,1068.64,1062.88,5.76
O001056,2024-07-23,P0011,C0031,12,0.13,186.05,2232.6,1666.32,566.28
O001057,2024-09-11,P0088,C0051,3,0.044,186.61,559.83,328.89,230.94
O001058,2024-11-17,P0049,C0001,18,0.039,100.72,1812.96,1436.22,376.74
O001059,2024-03-14,P0021,C0012,13,0.098,39.3,510.9,806.91,-296.01
O001060,2024-07-30,P0115,C0039,9,0.122,122.68,1104.12,1195.74,-91.62
O001061,2024-06-16,P0066,C0004,4,0.01,226.97,907.88,377.84,530.04
O001062,2024-03-02,P0063,C0042,10,0.011,279.49,2794.9,569.9,2225.0
O001063,2024-06-03,P0104,C0013,10,0.141,268.55,2685.5,1215.2,1470.3
O001064,2024-01-29,P0083,C0034,7,0.155,161.72,1132.04,164.71,967.33
O001065,2024-01-11,P0103,C0042,7,0.109,210.69,1474.83,366.59,1108.24
O001066,2024-02-26,P0028,C0021,11,0.077,191.52,2106.72,233.64,1873.08
O001067,2025-02-08,P0017,C0022,4,0.152,180.74,722.96,49.48,673.48
O001068,2024-08-18,P0006,C0057,5,0.131,188.89,944.45,588.3,356.15
O001069,2025-02-09,P0019,C0004,11,0.104,193.15,2124.65,147.51,1977.14
O001070,2024-06-30,P0056,C0018,7,0.058,214.11,1498.77,902.44,596.33
O001071,2024-05-10,P0102,C0005,13,0.036,201.88,2624.44,2065.7,558.74
O001072,2024-07-31,P0028,C0019,10,0.075,191.94,1919.4,212.4,1707.0
O001073,2024-07-03,P0066,C0002,10,0.052,217.34,2173.4,944.6,1228.8
O001074,2024-02-14,P0038,C0012,11,0.061,64.81,712.91,1108.47,-395.56
O001075,2024-09-26,P0119,C0017,7,0.093,165.54,1158.78,829.01,329.77
O001076,2024-03-31,P0037,C0010,10,0.03,205.51,2055.1,1615.2,439.9
O001077,2024-09-17,P0115,C0034,8,0.145,119.47,955.76,1062.88,-107.12
O001078,2024-09-30,P0116,C0006,13,0.026,66.09,859.17,2109.9,-1250.73
O001079,2024-03-04,P0068,C0008,9,0.087,95.45,859.05,503.37,355.68
O001080,2024-01-26,P0086,C0051,11,0.134,156.32,1719.52,440.88,1278.64
O001081,2024-11-23,P0090,C0011,7,0.087,24.09,168.63,75.95,92.68
O001082,2024-07-12,P0049,C0057,12,0.065,98.0,1176.0,957.48,218.52
O001083,2024-01-25,P0043,C0012,8,0.085,18.03,144.24,377.6,-233.36
O001084,2025-02-21,P0036,C0009,7,0.153,18.99,132.93,280.63,-147.7
O001085,2024-01-25,P0058,C0002,9,0.178,36.69,330.21,1576.35,-1246.14
O001086,2024-10-18,P0013,C0008,9,0.114,205.74,1851.66,1265.49,586.17
O001087,2025-02-17,P0052,C0058,-1,0.143,95.69,861.21,594.63,266.58
O001088,2024-04-10,P0058,C0011,10,0.003,44.51,445.1,1751.5,-1306.4
O001089,2024-02-29,P0032,C0060,7,0.158,139.12,973.84,1029.0,-55.16
O001090,2024-02-20,P0081,C0053,13,0.172,107.27,1394.51,1520.61,-126.1
O001091,2024-05-07,P0105,C0036,6,0.104,154.53,927.18,891.36,35.82
O001092,2024-02-12,P0100,C0010,7,0.136,152.98,1070.86,192.64,878.22
O001093,2024-10-17,P0119,C0021,10,0.092,165.72,1657.2,1184.3,472.9
O001094,2024-01-27,P0060,C0020,12,0.052,300.49,3605.88,615.72,2990.16
O001095,2024-08-01,P0110,C0048,14,0.153,32.97,461.58,2272.48,-1810.9
O001096,2025-02-22,P0083,,7,0.107,170.9,1196.3,164.71,1031.59
O001097,2024-12-07,P0058,C0036,12,0.104,40.0,480.0,2101.8,-1621.8
O001098,2024-09-15,P0099,C0029,6,0.119,27.1,162.6,399.96,-237.36
O001099,2024-05-08,P0110,C0042,8,0.154,32.93,263.44,1298.56,-1035.12
O001100,2024-09-19,P0104,C0012,7,0.132,271.36,1899.52,850.64,1048.88
O001101,2024-08-09,P0056,C0014,11,0.038,218.65,2405.15,1418.12,987.03
O001102,2024-06-27,P0028,C0048,6,0.084,190.07,1140.42,127.44,1012.98
O001103,2024-02-24,P0001,C0054,7,0.176,52.98,370.86,454.37,-83.51
O001104,2025-01-07,P0042,C0050,9,0.1,115.11,1035.99,242.37,793.62
O001105,2024-07-07,P0082,C0021,7,0.169,36.28,253.96,701.05,-447.09
O001106,2024-03-22,P0048,C0022,4,0.146,235.0,940.0,383.4,556.6
O001107,2024-06-03,P0040,C0021,7,0.12,269.24,1884.68,1134.91,749.77
O001108,2024-06-22,P0097,C0044,8,0.063,192.07,1536.56,1352.96,183.6
O001109,2024-12-13,P0063,C0050,12,0.055,267.06,3204.72,683.88,2520.84
O001110,2024-11-04,P0076,C0030,8,0.116,188.5,1508.0,1112.0,396.0
O001111,2024-11-19,P0072,C0039,10,0.078,270.64,2706.4,921.9,1784.5
O001112,2024-01-05,P0088,C0020,5,0.144,167.09,835.45,548.15,287.3
O001113,2024-06-23,P0080,C0024,8,0.137,101.91,815.28,934.08,-118.8
O001114,2024-07-21,P0114,C0023,10,0.056,214.54,2145.4,680.6,1464.8
O001115,2024-01-09,P0004,C0007,10,0.126,15.57,155.7,639.3,-483.6
O001116,2024-04-19,P0038,C0009,7,0.089,62.88,440.16,705.39,-265.23
O001117,2024-11-15,P0108,C0001,7,0.058,91.94,643.58,347.2,296.38
O001118,2024-02-27,P0027,C0026,8,0.074,265.83,2126.64,378.8,1747.84
O001119,2024-08-12,P0009,C0038,8,0.161,153.0,1224.0,228.56,995.44
O001120,2024-03-31,P0111,C0038,7,0.065,21.25,148.75,1140.09,-991.34
O001121,2024-01-06,P0016,C0054,14,0.052,230.06,3220.84,1141.56,2079.28
O001122,2024-04-11,P0056,C0044,7,0.063,212.97,1490.79,902.44,588.35
O001123,2025-02-13,P0076,C0022,8,0.039,204.92,1639.36,1112.0,527.36
O001124,2024-12-02,P0031,C0044,7,0.098,172.25,1205.75,1175.37,30.38
O001125,2025-02-07,P0088,C0010,11,0.027,189.93,2089.23,1205.93,883.3
O001126,2024-07-23,P0119,C0055,3,0.147,155.68,467.04,355.29,111.75
O001127,2024-02-16,P0014,C0058,6,0.041,83.78,502.68,557.58,-54.9
O001128,2024-08-18,P0109,C0006,9,0.108,132.81,1195.29,216.09,979.2
O001129,2024-07-09,P0025,C0017,6,0.023,304.6,1827.6,471.54,1356.06
O001130,2024-12-20,P0034,C0051,6,0.176,193.93,1163.58,947.34,216.24
O001131,2024-02-11,P0067,C0050,9,0.082,114.42,1029.78,151.65,878.13
O001132,2024-07-24,P0024,C0038,9,0.148,76.19,685.71,457.92,227.79
O001133,2024-03-04,P0118,C0024,7,0.138,78.72,551.04,994.98,-443.94
O001134,2024-05-16,P0106,C0051,4,0.128,98.97,395.88,413.96,-18.08
O001135,2024-11-05,P0073,C0010,8,0.149,145.49,1163.92,1420.24,-256.32
O001136,2024-07-18,P0026,C0056,9,0.018,132.46,1192.14,1241.55,-49.41
O001137,2024-06-06,P0020,C0008,8,0.122,165.35,1322.8,939.68,383.12
O001138,2024-06-14,P0064,C0021,11,0.048,229.37,2523.07,157.74,2365.33
O001139,2024-07-11,P0104,C0056,14,0.141,268.55,3759.7,1701.28,2058.42
O001140,2024-11-25,P0010,C0006,10,0.172,187.15,1871.5,1306.8,564.7
O001141,2025-01-09,P0083,C0021,6,0.162,160.38,962.28,141.18,821.1
O001142,2025-02-05,P0067,C0057,6,0.021,122.02,732.12,101.1,631.02
O001143,2024-11-26,P0024,C0039,7,0.067,83.43,584.01,356.16,227.85
O001144,2024-05-12,P0005,C0024,15,0.066,42.92,643.8,2002.35,-1358.55
O001145,2024-10-16,P0067,C0033,11,0.022,121.9,1340.9,185.35,1155.55
O001146,2024-07-02,P0058,C0059,10,0.018,43.84,438.4,1751.5,-1313.1
O001147,2024-04-16,P0027,C0018,10,0.069,267.26,2672.6,473.5,2199.1
O001148,2024-12-19,P0080,C0056,4,0.179,96.95,387.8,467.04,-79.24
O001149,2024-01-17,P0113,C0028,5,0.102,242.43,1212.15,331.55,880.6
O001150,2025-01-13,P0015,C0057,9,0.112,101.45,913.05,881.19,31.86
O001151,2024-07-12,P0035,C0052,12,0.085,92.09,1105.08,1754.76,-649.68
O001152,2024-09-24,P0076,C0032,11,0.119,187.86,2066.46,1529.0,537.46
O001153,2024-10-03,P0105,C0012,7,0.172,142.81,999.67,1039.92,-40.25
O001154,2025-01-10,P0053,C0048,11,0.106,59.63,655.93,1871.98,-1216.05
O001155,2024-09-24,P0044,C0042,14,0.012,294.56,4123.84,1140.44,2983.4
O001156,2024-09-14,P0026,C0027,8,0.089,122.88,983.04,1103.6,-120.56
O001157,2024-01-28,P0047,,14,0.179,253.61,3550.54,128.8,3421.74
O001158,2024-08-05,P0034,C0046,6,0.07,218.88,1313.28,947.34,365.94
O001159,2024-03-04,P0087,C0057,11,0.107,91.44,1005.84,165.11,840.73
O001160,2024-11-05,P0095,C0052,12,0.019,245.1,2941.2,1522.08,1419.12
O001161,2024-08-03,P0050,C0042,13,0.025,129.14,1678.82,600.6,1078.22
O001162,2024-10-12,P0084,C0032,12,0.157,21.88,262.56,1820.04,-1557.48
O001163,2024-01-18,P0012,C0042,10,0.054,78.9,789.0,1045.4,-256.4
O001164,2024-02-05,P0087,C0026,7,0.055,96.77,677.39,105.07,572.32
O001165,2024-10-27,P0004,C0025,6,0.07,16.56,99.36,383.58,-284.22
O001166,2024-01-31,P0087,C0011,11,0.174,84.58,930.38,165.11,765.27
O001167,2024-01-30,P0048,C0023,8,0.015,271.04,2168.32,766.8,1401.52
O001168,2024-01-06,P0055,C0034,6,0.147,256.35,1538.1,583.38,954.72
O001169,2025-02-05,P0112,C0057,10,0.061,289.78,2897.8,1168.9,1728.9
O001170,2024-11-05,P0001,C0052,11,0.153,54.46,599.06,714.01,-114.95
O001171,2024-05-28,P0118,C0040,10,0.179,74.97,749.7,1421.4,-671.7
O001172,2024-05-04,P0089,C0023,6,0.063,22.77,136.62,747.24,-610.62
O001173,2024-05-26,P0066,C0029,11,0.023,223.99,2463.89,1039.06,1424.83
O001174,2024-11-21,P0030,C0031,7,0.026,163.92,1147.44,250.11,897.33
O001175,2024-10-04,P0003,C0007,13,0.137,172.57,2243.41,799.37,1444.04
O001176,2024-03-18,P0021,C0040,5,0.026,42.44,212.2,310.35,-98.15
O001177,2024-03-14,P0089,C0033,10,0.047,23.16,231.6,1245.4,-1013.8
O001178,2024-02-11,P0084,C0021,8,0.037,25.0,200.0,1213.36,-1013.36
O001179,2024-10-04,P0049,C0002,4,0.064,98.1,392.4,319.16,73.24
O001180,2024-11-17,P0116,C0018,11,0.013,66.97,736.67,1785.3,-1048.63
O001181,2024-04-21,P0086,C0047,6,0.154,152.71,916.26,240.48,675.78
O001182,2024-01-09,P0085,C0033,7,0.155,132.67,928.69,442.19,486.5
O001183,2024-02-04,P0062,C0037,10,0.074,160.28,1602.8,597.5,1005.3
O001184,2025-02-10,P0097,C0034,5,0.11,182.43,912.15,845.6,66.55
O001185,2024-05-04,P0116,C0020,9,0.116,59.98,539.82,1460.7,-920.88
O001186,2024-11-19,P0038,C0035,13,0.135,59.7,776.1,1310.01,-533.91
O001187,2024-09-19,P0015,C0051,13,0.094,103.51,1345.63,1272.83,72.8
O001188,2024-06-09,P0110,C0050,13,0.092,35.35,459.55,2110.16,-1650.61
O001189,2024-03-27,P0052,C0054,10,0.114,98.93,989.3,660.7,328.6
O001190,2024-02-20,P0079,C0018,5,0.127,250.07,1250.35,356.3,894.05
O001191,2024-09-15,P0046,C0046,10,0.062,290.62,2906.2,1560.5,1345.7
O001192,2024-11-21,P0025,C0024,6,0.059,293.38,1760.28,471.54,1288.74
O001193,2024-09-27,P0021,C0008,7,0.049,41.44,290.08,434.49,-144.41
O001194,2024-08-10,P0088,C0030,8,0.099,175.88,1407.04,877.04,530.0
O001195,2024-01-18,P0005,C0044,7,0.065,42.96,300.72,934.43,-633.71
O001196,2025-02-10,P0070,C0053,6,0.097,236.66,1419.96,295.2,1124.76
O001197,2024-12-01,P0113,C0010,10,0.073,250.26,2502.6,663.1,1839.5
O001198,2024-05-02,P0107,C0023,11,0.151,218.64,2405.04,1090.1,1314.94
O001199,2025-02-15,P0112,C0052,12,0.013,304.6,3655.2,1402.68,2252.52
O001200,2024-09-09,P0108,C0049,9,0.103,87.55,787.95,446.4,341.55
O001201,2024-09-01,P0047,C0011,9,0.104,276.77,2490.93,82.8,2408.13
O001202,2024-11-10,P0087,C0002,11,0.069,95.33,1048.63,165.11,883.52
O001203,2024-12-06,P0068,C0058,14,0.076,96.6,1352.4,783.02,569.38
O001204,2024-10-02,P0091,C0026,12,0.144,227.6,2731.2,1152.96,1578.24
O001205,2024-02-23,P0018,,8,0.051,260.04,2080.32,212.48,1867.84
O001206,2024-05-22,P0021,C0033,10,0.157,36.73,367.3,620.7,-253.4
O001207,2025-01-24,P0092,C0047,9,0.161,104.76,942.84,422.64,520.2
O001208,2024-04-04,P0099,C0013,7,0.117,27.16,190.12,466.62,-276.5
O001209,2024-06-05,P0086,C0040,12,0.139,155.42,1865.04,480.96,1384.08
O001210,2024-06-30,P0104,C0025,8,0.11,278.24,2225.92,972.16,1253.76
O001211,2024-07-03,P0023,C0004,10,0.095,86.78,867.8,1641.0,-773.2
O001212,2024-09-14,P0064,C0042,7,0.174,199.01,1393.07,100.38,1292.69
O001213,2025-01-31,P0067,C0019,6,0.051,118.28,709.68,101.1,608.58
O001214,2024-04-11,P0040,C0018,12,0.028,297.38,3568.56,1945.56,1623.0
O001215,2024-02-21,P0114,C0037,7,0.052,215.45,1508.15,476.42,1031.73
O001216,2024-03-23,P0010,C0030,11,0.111,200.94,2210.34,1437.48,772.86
O001217,2025-01-07,P0089,C0019,9,0.033,23.5,211.5,1120.86,-909.36
O001218,2024-09-28,P0052,C0058,14,0.164,93.35,1306.9,924.98,381.92
O001219,2024-04-30,P0113,C0023,10,0.074,249.99,2499.9,663.1,1836.8
O001220,2024-12-08,P0072,C0059,6,0.153,248.63,1491.78,553.14,938.64
O001221,2024-12-27,P0119,C0054,15,0.045,174.3,2614.5,1776.45,838.05
O001222,2024-12-21,P0075,C0016,12,0.056,244.01,2928.12,1483.32,1444.8
O001223,2025-01-20,P0061,C0001,8,0.011,57.09,456.72,748.24,-291.52
O001224,2024-04-15,P0064,C0012,15,0.046,229.85,3447.75,215.1,3232.65
O001225,2024-11-13,P0005,C0024,12,0.088,41.91,502.92,1601.88,-1098.96
O001226,2024-07-12,P0109,C0034,4,0.17,123.58,494.32,96.04,398.28
O001227,2024-12-19,P0053,C0053,17,0.07,62.03,1054.51,2893.06,-1838.55
O001228,2024-11-01,P0055,C0057,7,0.115,265.97,1861.79,680.61,1181.18
O001229,2024-11-22,P0037,C0008,5,0.077,195.56,977.8,807.6,170.2
O001230,2024-10-02,P0056,C0018,8,0.008,225.47,1803.76,1031.36,772.4
O001231,2024-03-15,P0059,C0057,14,0.091,184.15,2578.1,2429.56,148.54
O001232,2024-08-16,P0109,C0048,8,0.012,147.1,1176.8,192.08,984.72
O001233,2025-02-17,P0102,C0005,10,0.159,176.12,1761.2,1589.0,172.2
O001234,2025-01-28,P0093,C0026,9,0.136,46.44,417.96,1070.73,-652.77
O001235,2024-01-19,P0069,C0030,12,0.068,244.05,2928.6,1970.64,957.96
O001236,2024-03-10,P0073,C0054,6,0.115,151.3,907.8,1065.18,-157.38
O001237,2024-02-25,P0059,C0013,8,0.02,198.53,1588.24,1388.32,199.92
O001238,2024-10-31,P0112,C0019,7,0.126,269.73,1888.11,818.23,1069.88
O001239,2024-12-09,P0002,C0029,10,0.148,246.28,2462.8,189.3,2273.5
O001240,2024-03-30,P0065,C0003,9,0.148,193.91,1745.19,1015.65,729.54
O001241,2024-07-31,P0104,C0026,6,0.051,296.69,1780.14,729.12,1051.02
O001242,2024-12-19,P0060,C0040,8,0.047,302.07,2416.56,410.48,2006.08
O001243,2024-11-03,P0051,C0059,7,0.094,248.79,1741.53,200.34,1541.19
O001244,2024-08-15,P0030,C0058,12,0.174,139.02,1668.24,428.76,1239.48
O001245,2024-09-04,P0011,C0058,13,0.166,178.35,2318.55,1805.18,513.37
O001246,2024-08-01,P0092,C0012,11,0.065,116.74,1284.14,516.56,767.58
O001247,2024-05-04,P0108,C0002,8,0.14,83.94,671.52,396.8,274.72
O001248,2024-08-25,P0076,C0011,13,0.166,177.84,2311.92,1807.0,504.92
O001249,2024-10-16,P0039,C0044,11,0.047,287.65,3164.15,1615.68,1548.47
O001250,2025-01-01,P0090,C0028,8,0.149,22.46,179.68,86.8,92.88
O001251,2024-09-24,P0077,C0018,12,0.048,218.1,2617.2,586.44,2030.76
O001252,2024-11-15,P0072,C0013,11,0.062,275.34,3028.74,1014.09,2014.65
O001253,2024-03-08,P0063,C0037,5,0.036,272.43,1362.15,284.95,1077.2
O001254,2024-07-12,P0064,C0022,7,0.091,219.01,1533.07,100.38,1432.69
O001255,2024-01-04,P0061,C0012,13,0.152,48.96,636.48,1215.89,-579.41
O001256,2024-04-13,P0054,C0002,9,0.095,167.26,1505.34,572.31,933.03
O001257,2024-11-01,P0092,C0037,15,0.022,122.11,1831.65,704.4,1127.25
O001258,2025-02-20,P0094,C0007,7,0.045,166.44,1165.08,265.93,899.15
O001259,2024-02-11,P0073,C0026,14,0.101,153.69,2151.66,2485.42,-333.76
O001260,2024-06-17,P0103,C0026,8,0.105,211.63,1693.04,418.96,1274.08
O001261,2024-12-02,P0095,C0024,16,0.104,223.87,3581.92,2029.44,1552.48
O001262,2024-03-26,P0058,C0012,13,0.014,44.02,572.26,2276.95,-1704.69
O001263,2024-08-21,P0085,C0016,16,0.136,135.66,2170.56,1010.72,1159.84
O001264,2024-11-03,P0056,C0023,3,0.164,190.01,570.03,386.76,183.27
O001265,2024-09-15,P0111,C0040,11,0.092,20.64,227.04,1791.57,-1564.53
O001266,2024-03-19,P0034,C0060,4,0.129,204.99,819.96,631.56,188.4
O001267,2024-05-29,P0119,C0009,7,0.165,152.4,1066.8,829.01,237.79
O001268,2024-11-25,P0031,C0032,8,0.116,168.81,1350.48,1343.28,7.2
O001269,2024-08-20,P0052,C0015,10,0.121,98.15,981.5,660.7,320.8
O001270,2024-01-03,P0089,C0037,6,0.13,21.14,126.84,747.24,-620.4
O001271,2024-11-15,P0076,C0013,11,0.047,203.22,2235.42,1529.0,706.42
O001272,2024-01-15,P0001,C0005,11,0.105,57.55,633.05,714.01,-80.96
O001273,2024-11-09,P0055,C0011,8,0.152,254.85,2038.8,777.84,1260.96
O001274,2024-03-26,P0022,C0010,11,0.053,120.41,1324.51,1050.17,274.34
O001275,2025-02-06,P0040,C0052,11,0.161,256.69,2823.59,1783.43,1040.16
O001276,2024-06-03,P0101,C0013,8,0.112,159.74,1277.92,1336.4,-58.48
O001277,2024-05-17,P0111,C0041,12,0.076,21.0,252.0,1954.44,-1702.44
O001278,2024-03-03,P0001,C0053,11,0.112,57.1,628.1,714.01,-85.91
O001279,2024-05-08,P0065,C0046,5,0.072,211.2,1056.0,564.25,491.75
O001280,2025-01-03,P0063,C0050,13,0.151,239.93,3119.09,740.87,2378.22
O001281,2025-02-22,P0106,C0015,8,0.087,103.63,829.04,827.92,1.12
O001282,2024-06-03,P0054,C0042,7,0.162,154.88,1084.16,445.13,639.03
O001283,2024-07-07,P0042,C0056,6,0.092,116.13,696.78,161.58,535.2
O001284,2024-10-30,P0021,C0007,11,0.119,38.39,422.29,682.77,-260.48
O001285,2025-01-07,P0079,C0040,10,0.18,234.89,2348.9,712.6,1636.3
O001286,2024-09-06,P0081,C0028,9,0.026,126.18,1135.62,1052.73,82.89
O001287,2024-06-13,P0022,C0032,12,0.133,110.24,1322.88,1145.64,177.24
O001288,2024-06-22,P0038,C0035,14,0.025,67.29,942.06,1410.78,-468.72
O001289,2024-10-19,P0099,C0015,10,0.151,26.12,261.2,666.6,-405.4
O001290,2024-01-02,P0109,C0048,6,0.107,132.96,797.76,144.06,653.7
O001291,2024-09-17,P0080,C0036,11,0.169,98.13,1079.43,1284.36,-204.93
O001292,2024-05-29,P0008,C0021,8,0.156,54.06,432.48,713.76,-281.28
O001293,2024-11-29,P0062,C0006,10,0.013,170.84,1708.4,597.5,1110.9
O001294,2024-02-09,P0047,C0001,6,0.025,301.18,1807.08,55.2,1751.88
O001295,2024-09-04,P0017,C0004,9,0.108,190.12,1711.08,111.33,1599.75
O001296,2024-07-21,P0017,C0011,6,0.093,193.32,1159.92,74.22,1085.7
O001297,2024-09-26,P0118,C0044,8,0.03,88.58,708.64,1137.12,-428.48
O001298,2024-01-28,P0090,C0026,7,0.023,25.78,180.46,75.95,104.51
O001299,2024-08-31,P0013,C0037,12,0.102,208.52,2502.24,1687.32,814.92
O001300,2024-08-23,P0017,C0023,9,0.009,211.22,1900.98,111.33,1789.65
O001301,2024-08-23,P0038,C0029,10,0.157,58.18,581.8,1007.7,-425.9
O001302,2024-09-10,P0081,C0021,12,0.145,110.77,1329.24,1403.64,-74.4
O001303,2024-10-11,P0112,C0048,14,0.141,265.1,3711.4,1636.46,2074.94
O001304,2024-12-04,P0078,C0045,15,0.003,256.95,3854.25,1998.75,1855.5
O001305,2024-04-23,P0045,C0045,12,0.009,144.29,1731.48,1784.4,-52.92
O001306,2024-12-12,P0006,C0049,13,0.099,195.85,2546.05,1529.58,1016.47
O001307,2024-07-28,P0035,C0027,6,0.179,82.63,495.78,877.38,-381.6
O001308,2024-02-02,P0110,C0039,10,0.062,36.52,365.2,1623.2,-1258.0
O001309,2024-01-25,P0014,C0040,9,0.062,81.94,737.46,836.37,-98.91
O001310,2024-05-20,P0111,C0013,5,0.024,22.18,110.9,814.35,-703.45
O001311,2024-11-25,P0072,C0023,8,0.121,258.02,2064.16,737.52,1326.64
O001312,2024-10-24,P0061,C0059,6,0.116,51.03,306.18,561.18,-255.0
O001313,2024-11-27,P0015,C0016,16,0.018,112.19,1795.04,1566.56,228.48
O001314,2024-08-05,P0054,C0030,9,0.084,169.3,1523.7,572.31,951.39
O001315,2024-07-03,P0027,C0004,9,0.12,252.62,2273.58,426.15,1847.43
O001316,2024-03-02,P0013,C0040,11,0.089,211.54,2326.94,1546.71,780.23
O001317,2024-05-17,P0113,C0016,8,0.121,237.3,1898.4,530.48,1367.92
O001318,2024-07-01,P0031,C0031,10,0.147,162.89,1628.9,1679.1,-50.2
O001319,2024-02-07,P0117,C0053,11,0.123,55.0,605.0,1766.38,-1161.38
O001320,2024-04-02,P0120,C0042,12,0.111,207.09,2485.08,269.64,2215.44
O001321,2024-09-08,P0035,C0025,4,0.154,85.14,340.56,584.92,-244.36
O001322,2024-11-04,P0060,C0044,11,0.162,265.62,2921.82,564.41,2357.41
O001323,2025-02-23,P0006,C0012,10,0.07,202.15,2021.5,1176.6,844.9
O001324,2025-01-26,P0069,C0026,9,0.031,253.74,2283.66,1477.98,805.68
O001325,2024-09-26,P0086,C0037,5,0.147,153.98,769.9,200.4,569.5
O001326,2024-06-25,P0058,C0048,9,0.038,42.94,386.46,1576.35,-1189.89
O001327,2024-09-24,P0049,C0033,9,0.167,87.31,785.79,718.11,67.68
O001328,2024-11-25,P0023,C0028,5,0.004,95.51,477.55,820.5,-342.95
O001329,2024-02-19,P0089,C0009,9,0.166,20.27,182.43,1120.86,-938.43
O001330,2024-06-21,P0034,C0012,6,0.106,210.4,1262.4,947.34,315.06
O001331,2024-12-18,P0026,C0005,6,0.139,116.14,696.84,827.7,-130.86
O001332,2024-06-10,P0047,C0054,9,0.072,286.66,2579.94,82.8,2497.14
O001333,2024-08-28,P0005,C0052,11,0.179,37.72,414.92,1468.39,-1053.47
O001334,2024-09-03,P0090,C0054,6,0.041,25.31,151.86,65.1,86.76
O001335,2024-03-18,P0020,C0028,10,0.048,179.29,1792.9,1174.6,618.3
O001336,2024-06-01,P0006,C0056,7,0.009,215.41,1507.87,823.62,684.25
O001337,2024-05-20,P0070,C0035,9,0.169,217.79,1960.11,442.8,1517.31
O001338,2024-01-12,P0059,C0005,13,0.082,185.97,2417.61,2256.02,161.59
O001339,2024-01-11,P0064,C0034,11,0.121,211.78,2329.58,157.74,2171.84
O001340,2024-12-15,P0114,C0046,5,0.124,199.09,995.45,340.3,655.15
O001341,2024-04-24,P0018,C0034,11,0.157,230.99,2540.89,292.16,2248.73
O001342,2024-08-05,P0004,C0013,13,0.12,15.67,203.71,831.09,-627.38
O001343,2024-05-05,P0017,C0039,7,0.101,191.61,1341.27,86.59,1254.68
O001344,2025-01-30,P0014,C0042,9,0.128,76.18,685.62,836.37,-150.75
O001345,2024-04-18,P0078,C0045,5,0.135,222.93,1114.65,666.25,448.4
O001346,2024-06-29,P0013,C0048,11,0.033,224.55,2470.05,1546.71,923.34
O001347,2025-01-01,P0007,C0058,9,0.02,16.21,145.89,1445.4,-1299.51
O001348,2024-12-19,P0044,C0014,13,0.013,294.26,3825.38,1058.98,2766.4
O001349,2024-03-19,P0119,C0011,10,0.067,170.28,1702.8,1184.3,518.5
O001350,2024-12-03,P0015,C0042,5,0.09,103.97,519.85,489.55,30.3
O001351,2024-07-11,P0019,C0038,8,0.111,191.64,1533.12,107.28,1425.84
O001352,2024-07-21,P0063,C0004,7,0.172,233.99,1637.93,398.93,1239.0
O001353,2024-02-26,P0107,C0053,11,0.06,242.08,2662.88,1090.1,1572.78
O001354,2024-02-03,P0111,,11,0.137,19.62,215.82,1791.57,-1575.75
O001355,2024-11-01,P0108,C0007,14,0.096,88.23,1235.22,694.4,540.82
O001356,2024-07-27,P0035,C0056,12,0.04,96.61,1159.32,1754.76,-595.44
O001357,2024-07-02,P0081,C0041,17,0.111,115.17,1957.89,1988.49,-30.6
O001358,2024-11-02,P0035,C0008,7,0.174,83.13,581.91,1023.61,-441.7
O001359,2024-11-17,P0019,C0037,10,0.022,210.83,2108.3,134.1,1974.2
O001360,2024-03-07,P0020,C0051,17,0.091,171.19,2910.23,1996.82,913.41
O001361,2024-09-13,P0100,C0010,10,0.009,175.47,1754.7,275.2,1479.5
O001362,2024-02-26,P0035,C0043,8,0.058,94.8,758.4,1169.84,-411.44
O001363,2024-11-11,P0032,C0057,4,0.112,146.72,586.88,588.0,-1.12
O001364,2024-10-02,P0048,C0015,4,0.151,233.62,934.48,383.4,551.08
O001365,2025-02-05,P0044,C0038,7,0.131,259.08,1813.56,570.22,1243.34
O001366,2024-01-29,P0104,C0015,5,0.083,286.68,1433.4,607.6,825.8
O001367,2024-01-24,P0024,C0005,16,0.164,74.76,1196.16,814.08,382.08
O001368,2024-04-28,P0061,C0029,12,0.054,54.61,655.32,1122.36,-467.04
O001369,2024-04-19,P0017,C0019,10,0.136,184.15,1841.5,123.7,1717.8
O001370,2024-04-13,P0071,C0054,6,0.085,255.71,1534.26,197.52,1336.74
O001371,2025-01-15,P0107,C0051,14,0.162,215.81,3021.34,1387.4,1633.94
O001372,2024-04-14,P0050,C0010,9,0.144,113.38,1020.42,415.8,604.62
O001373,2024-04-24,P0065,C0012,5,0.162,190.72,953.6,564.25,389.35
O001374,2024-11-14,P0099,C0054,11,0.039,29.56,325.16,733.26,-408.1
O001375,2024-07-07,P0032,C0004,12,0.12,145.39,1744.68,1764.0,-19.32
O001376,2024-11-22,P0036,C0031,7,0.133,19.44,136.08,280.63,-144.55
O001377,2024-01-28,P0013,C0018,12,0.134,201.09,2413.08,1687.32,725.76
O001378,2024-07-23,P0070,,8,0.091,238.23,1905.84,393.6,1512.24
O001379,2024-01-15,P0058,C0040,5,0.002,44.55,222.75,875.75,-653.0
O001380,2024-01-27,P0014,C0036,6,0.047,83.25,499.5,557.58,-58.08
O001381,2025-01-15,P0037,C0025,7,0.058,199.58,1397.06,1130.64,266.42
O001382,2024-02-28,P0112,C0023,7,0.153,261.39,1829.73,818.23,1011.5
O001383,2024-08-11,P0079,C0012,10,0.151,243.2,2432.0,712.6,1719.4
O001384,2024-06-21,P0111,C0034,9,0.019,22.3,200.7,1465.83,-1265.13
O001385,2024-05-25,P0068,C0036,8,0.171,86.67,693.36,447.44,245.92
O001386,2025-01-12,P0040,C0037,9,0.033,295.85,2662.65,1459.17,1203.48
O001387,2024-01-10,P0059,C0003,11,0.075,187.39,2061.29,1908.94,152.35
O001388,2024-10-05,P0080,C0009,10,0.039,113.48,1134.8,1167.6,-32.8
O001389,2025-02-08,P0092,C0053,8,0.155,105.51,844.08,375.68,468.4
O001390,2024-08-23,P0016,,10,0.135,209.92,2099.2,815.4,1283.8
O001391,2025-01-28,P0062,C0043,17,0.064,162.01,2754.17,1015.75,1738.42
O001392,2024-01-22,P0004,C0035,6,0.123,15.62,93.72,383.58,-289.86
O001393,2024-06-24,P0045,C0057,8,0.033,140.8,1126.4,1189.6,-63.2
O001394,2024-04-19,P0090,C0055,13,0.069,24.57,319.41,141.05,178.36
O001395,2024-11-02,P0028,C0034,9,0.068,193.39,1740.51,191.16,1549.35
O001396,2025-02-16,P0096,C0041,9,0.043,77.35,696.15,670.68,25.47
O001397,2024-04-17,P0109,C0014,9,0.158,125.37,1128.33,216.09,912.24
O001398,2024-10-01,P0066,C0004,16,0.122,201.29,3220.64,1511.36,1709.28
O001399,2024-03-24,P0031,C0029,8,0.05,181.41,1451.28,1343.28,108.0
O001400,2024-08-25,P0003,C0041,8,0.044,191.16,1529.28,491.92,1037.36
O001401,2024-07-13,P0118,C0045,8,0.003,91.05,728.4,1137.12,-408.72
O001402,2025-02-12,P0008,C0050,7,0.062,60.08,420.56,624.54,-203.98
O001403,2024-09-12,P0024,C0015,8,0.095,80.93,647.44,407.04,240.4
O001404,2024-05-26,P0015,C0028,9,0.05,108.54,976.86,881.19,95.67
O001405,2024-02-17,P0043,C0042,14,0.126,17.23,241.22,660.8,-419.58
O001406,2024-03-04,P0031,C0016,11,0.074,176.83,1945.13,1847.01,98.12
O001407,2024-04-04,P0073,C0012,10,0.057,161.22,1612.2,1775.3,-163.1
O001408,2024-04-15,P0103,C0052,11,0.169,196.5,2161.5,576.07,1585.43
O001409,2024-12-23,P0045,C0005,8,0.047,138.76,1110.08,1189.6,-79.52
O001410,2024-08-23,P0066,C0034,6,0.072,212.75,1276.5,566.76,709.74
O001411,2024-08-07,P0008,C0042,12,0.069,59.63,715.56,1070.64,-355.08
O001412,2024-02-18,P0071,C0001,12,0.043,267.44,3209.28,395.04,2814.24
O001413,2024-12-27,P0120,C0039,13,0.039,223.86,2910.18,292.11,2618.07
O001414,2024-10-30,P0108,C0032,8,0.054,92.33,738.64,396.8,341.84
O001415,2024-01-29,P0115,C0026,8,0.156,117.93,943.44,1062.88,-119.44
O001416,2024-10-24,P0103,C0017,11,0.138,203.83,2242.13,576.07,1666.06
O001417,2024-08-16,P0106,C0048,6,0.123,99.54,597.24,620.94,-23.7
O001418,2024-02-04,P0057,C0059,13,0.082,173.38,2253.94,917.02,1336.92
O001419,2024-07-11,P0080,C0027,11,0.091,107.34,1180.74,1284.36,-103.62
O001420,2024-07-22,P0099,C0024,16,0.048,29.28,468.48,1066.56,-598.08
O001421,2024-03-10,P0030,C0035,9,0.013,166.11,1494.99,321.57,1173.42
O001422,2025-02-01,P0074,C0046,15,0.06,157.88,2368.2,744.45,1623.75
O001423,2024-12-22,P0102,C0042,17,0.089,190.78,3243.26,2701.3,541.96
O001424,2024-10-07,P0018,C0054,6,0.01,271.27,1627.62,159.36,1468.26
O001425,2024-07-13,P0114,C0039,13,0.016,223.63,2907.19,884.78,2022.41
O001426,2024-06-21,P0069,C0026,12,0.047,249.55,2994.6,1970.64,1023.96
O001427,2024-09-30,P0117,C0049,10,0.066,58.57,585.7,1605.8,-1020.1
O001428,2024-08-17,P0093,C0038,4,0.071,49.93,199.72,475.88,-276.16
O001429,2024-01-27,P0039,C0023,16,0.021,295.5,4728.0,2350.08,2377.92
O001430,2024-08-03,P0060,C0022,4,0.041,303.97,1215.88,205.24,1010.64
O001431,2024-12-04,P0098,C0004,7,0.047,39.1,273.7,221.55,52.15
O001432,2024-07-11,P0043,C0049,6,0.012,19.47,116.82,283.2,-166.38
O001433,2024-01-22,P0045,C0059,15,0.059,137.01,2055.15,2230.5,-175.35
O001434,2024-11-26,P0023,C0009,10,0.013,94.64,946.4,1641.0,-694.6
O001435,2024-03-25,P0069,C0004,18,0.127,228.6,4114.8,2955.96,1158.84
O001436,2024-04-18,P0094,C0007,9,0.069,162.25,1460.25,341.91,1118.34
O001437,2024-03-10,P0006,C0023,5,0.059,204.55,1022.75,588.3,434.45
O001438,2024-05-18,P0056,C0002,14,0.023,222.06,3108.84,1804.88,1303.96
O001439,2024-11-13,P0110,C0049,14,0.041,37.33,522.62,2272.48,-1749.86
O001440,2024-08-06,P0108,C0024,10,0.042,93.5,935.0,496.0,439.0
O001441,2024-03-27,P0004,C0040,7,0.177,14.66,102.62,447.51,-344.89
O001442,2025-01-03,P0093,C0055,7,0.15,45.69,319.83,832.79,-512.96
O001443,2025-01-04,P0023,C0031,9,0.003,95.6,860.4,1476.9,-616.5
O001444,2024-12-31,P0006,C0047,6,0.111,193.24,1159.44,705.96,453.48
O001445,2024-04-10,P0032,C0031,9,0.046,157.62,1418.58,1323.0,95.58
O001446,2024-07-08,P0106,C0047,10,0.019,111.34,1113.4,1034.9,78.5
O001447,2025-02-17,P0018,C0040,14,0.127,239.21,3348.94,371.84,2977.1
O001448,2024-11-20,P0015,C0048,6,0.024,111.51,669.06,587.46,81.6
O001449,2024-01-12,P0040,C0051,9,0.08,281.47,2533.23,1459.17,1074.06
O001450,2024-01-28,P0096,C0043,8,0.114,71.62,572.96,596.16,-23.2
O001451,2024-07-13,P0073,C0034,10,0.1,153.86,1538.6,1775.3,-236.7
O001452,2025-01-16,P0101,C0055,12,0.176,148.23,1778.76,2004.6,-225.84
O001453,2024-08-14,P0074,C0024,4,0.141,144.28,577.12,198.52,378.6
O001454,2024-07-28,P0084,C0049,12,0.139,22.35,268.2,1820.04,-1551.84
O001455,2024-02-14,P0006,C0060,10,0.064,203.46,2034.6,1176.6,858.0
O001456,2024-10-02,P0112,C0026,6,0.002,307.99,1847.94,701.34,1146.6
O001457,2024-12-11,P0120,C0016,7,0.132,202.2,1415.4,157.29,1258.11
O001458,2024-06-08,P0063,C0057,7,0.18,231.73,1622.11,398.93,1223.18
O001459,2024-11-21,P0067,C0047,5,0.073,115.54,577.7,84.25,493.45
O001460,2025-02-09,P0106,C0013,4,0.177,93.41,373.64,413.96,-40.32
O001461,2024-03-26,P0011,C0015,8,0.026,208.29,1666.32,1110.88,555.44
O001462,2024-08-07,P0043,C0027,3,0.053,18.67,56.01,141.6,-85.59
O001463,2024-04-30,P0017,C0004,10,0.031,206.53,2065.3,123.7,1941.6
O001464,2024-11-28,P0096,C0016,7,0.086,73.88,517.16,521.64,-4.48
O001465,2024-08-30,P0004,C0030,5,0.143,15.26,76.3,319.65,-243.35
O001466,2024-09-23,P0063,C0044,13,0.061,265.36,3449.68,740.87,2708.81
O001467,2024-12-01,P0068,C0030,5,0.163,87.51,437.55,279.65,157.9
O001468,2024-06-15,P0081,C0036,8,0.098,116.85,934.8,935.76,-0.96
O001469,2025-01-19,P0041,C0003,10,0.084,269.33,2693.3,627.0,2066.3
O001470,2024-08-11,P0083,C0022,7,0.142,164.2,1149.4,164.71,984.69
O001471,2024-03-07,P0005,C0049,9,0.018,45.12,406.08,1201.41,-795.33
O001472,2024-10-19,P0032,C0022,8,0.139,142.25,1138.0,1176.0,-38.0
O001473,2024-11-29,P0086,C0050,9,0.044,172.57,1553.13,360.72,1192.41
O001474,2024-05-13,P0120,C0057,10,0.051,221.07,2210.7,224.7,1986.0
O001475,2024-12-26,P0070,C0050,9,0.108,233.78,2104.02,442.8,1661.22
O001476,2025-01-15,P0035,C0055,9,0.162,84.34,759.06,1316.07,-557.01
O001477,2024-04-26,P0022,C0060,9,0.104,113.93,1025.37,859.23,166.14
O001478,2025-02-17,P0065,C0049,9,0.117,200.96,1808.64,1015.65,792.99
O001479,2024-02-29,P0084,C0012,8,0.14,22.33,178.64,1213.36,-1034.72
O001480,2024-03-25,P0022,C0055,13,0.047,121.17,1575.21,1241.11,334.1
O001481,2024-03-18,P0112,C0021,11,0.149,262.63,2888.93,1285.79,1603.14
O001482,2025-01-10,P0119,C0056,5,0.075,168.82,844.1,592.15,251.95
O001483,2024-10-01,P0011,C0004,11,0.032,207.01,2277.11,1527.46,749.65
O001484,2024-03-04,P0077,C0031,10,0.063,214.67,2146.7,488.7,1658.0
O001485,2024-07-03,P0106,C0044,8,0.044,108.51,868.08,827.92,40.16
O001486,2024-09-15,P0003,C0031,9,0.041,191.76,1725.84,553.41,1172.43
O001487,2024-02-05,P0009,C0058,13,0.051,173.06,2249.78,371.41,1878.37
O001488,2025-01-05,P0060,C0023,5,0.033,306.51,1532.55,256.55,1276.0
O001489,2024-12-03,P0076,C0054,7,0.12,187.65,1313.55,973.0,340.55
O001490,2024-07-31,P0087,C0053,10,0.104,91.75,917.5,150.1,767.4
O001491,2025-02-10,P0014,C0020,11,0.117,77.14,848.54,1022.23,-173.69
O001492,2024-06-24,P0097,C0015,18,0.062,192.27,3460.86,3044.16,416.7
O001493,2025-02-17,P0018,C0023,10,0.139,235.92,2359.2,265.6,2093.6
O001494,2024-10-07,P0113,C0028,8,0.023,263.76,2110.08,530.48,1579.6
O001495,2024-09-23,P0105,C0016,5,0.103,154.71,773.55,742.8,30.75
O001496,2024-03-10,P0073,C0037,14,0.05,162.41,2273.74,2485.42,-211.68
O001497,2025-01-05,P0023,C0021,8,0.095,86.78,694.24,1312.8,-618.56
O001498,2024-06-28,P0074,C0015,9,0.058,158.22,1423.98,446.67,977.31
O001499,2024-03-09,P0083,C0017,8,0.142,164.2,1313.6,188.24,1125.36
O001500,2024-01-06,P0047,C0050,10,0.16,259.48,2594.8,92.0,2502.8
O001501,2024-08-23,P0069,C0037,9,0.134,226.77,2040.93,1477.98,562.95
O001502,2024-08-09,P0047,C0013,13,0.032,299.02,3887.26,119.6,3767.66
O001503,2024-10-29,P0116,C0019,10,0.049,64.53,645.3,1623.0,-977.7
O001504,2025-01-08,P0087,C0030,8,0.165,85.5,684.0,120.08,563.92
O001505,2024-02-03,P0030,C0045,9,0.079,155.0,1395.0,321.57,1073.43
O001506,2024-11-03,P0025,C0018,10,0.169,259.08,2590.8,785.9,1804.9
O001507,2024-03-19,P0028,C0014,7,0.071,192.77,1349.39,148.68,1200.71
O001508,2024-12-26,P0098,C0036,9,0.171,34.01,306.09,284.85,21.24
O001509,2024-12-10,P0109,C0036,5,0.167,124.03,620.15,120.05,500.1
O001510,2024-08-15,P0120,C0020,10,0.119,205.23,2052.3,224.7,1827.6
O001511,2024-10-25,P0112,C0052,7,0.002,307.99,2155.93,818.23,1337.7
O001512,2024-05-12,P0111,C0019,4,0.072,21.09,84.36,651.48,-567.12
O001513,2024-07-16,P0025,C0045,9,0.164,260.64,2345.76,707.31,1638.45
O001514,2024-12-11,P0074,C0044,13,0.159,141.25,1836.25,645.19,1191.06
O001515,2024-07-11,P0078,C0007,5,0.034,248.96,1244.8,666.25,578.55
O001516,2024-05-30,P0106,C0057,12,0.072,105.33,1263.96,1241.88,22.08
O001517,2024-07-26,P0110,C0044,14,0.15,33.09,463.26,2272.48,-1809.22
O001518,2024-12-13,P0058,C0053,8,0.104,40.0,320.0,1401.2,-1081.2
O001519,2024-05-20,P0094,C0004,11,0.153,147.62,1623.82,417.89,1205.93
O001520,2024-03-13,P0119,C0059,7,0.149,155.32,1087.24,829.01,258.23
O001521,2024-10-26,P0041,C0034,6,0.163,246.1,1476.6,376.2,1100.4
O001522,2024-12-12,P0025,C0002,12,0.021,305.22,3662.64,943.08,2719.56
O001523,2024-02-12,P0078,C0005,9,0.026,251.02,2259.18,1199.25,1059.93
O001524,2024-04-10,P0099,C0055,9,0.015,30.3,272.7,599.94,-327.24
O001525,2024-02-29,P0116,C0010,9,0.168,56.45,508.05,1460.7,-952.65
O001526,2024-05-26,P0048,C0032,9,0.086,251.51,2263.59,862.65,1400.94
O001527,2024-07-08,P0098,C0042,6,0.012,40.54,243.24,189.9,53.34
O001528,2024-11-10,P0010,C0041,11,0.058,212.92,2342.12,1437.48,904.64
O001529,2024-09-30,P0099,C0013,9,0.063,28.82,259.38,599.94,-340.56
O001530,2024-09-17,P0075,C0039,10,0.146,220.74,2207.4,1236.1,971.3
O001531,2024-05-27,P0011,C0005,10,0.132,185.62,1856.2,1388.6,467.6
O001532,2024-12-19,P0085,C0058,5,0.124,137.54,687.7,315.85,371.85
O001533,2024-07-16,P0021,C0010,11,0.004,43.4,477.4,682.77,-205.37
O001534,2025-02-15,P0086,C0010,8,0.164,150.91,1207.28,320.64,886.64
O001535,2024-09-23,P0045,C0038,9,0.039,139.92,1259.28,1338.3,-79.02
O001536,2024-02-23,P0007,C0027,5,0.113,14.67,73.35,803.0,-729.65
O001537,2024-10-10,P0119,C0060,13,0.011,180.5,2346.5,1539.59,806.91
O001538,2024-05-16,P0081,C0051,5,0.015,127.61,638.05,584.85,53.2
O001539,2024-10-15,P0064,C0021,6,0.002,240.45,1442.7,86.04,1356.66
O001540,2024-01-30,P0064,C0008,8,0.102,216.36,1730.88,114.72,1616.16
O001541,2024-03-14,P0002,C0001,13,0.113,256.4,3333.2,246.09,3087.11
O001542,2024-12-25,P0076,C0028,12,0.009,211.32,2535.84,1668.0,867.84
O001543,2024-04-05,P0042,C0049,12,0.052,121.25,1455.0,323.16,1131.84
O001544,2024-12-17,P0082,C0039,8,0.153,36.98,295.84,801.2,-505.36
O001545,2024-04-27,P0054,C0014,10,0.018,181.49,1814.9,635.9,1179.0
O001546,2024-09-27,P0075,C0021,5,0.039,248.4,1242.0,618.05,623.95
O001547,2024-10-18,P0016,C0030,10,0.076,224.24,2242.4,815.4,1427.0
O001548,2024-08-03,P0113,C0021,10,0.152,228.93,2289.3,663.1,1626.2
O001549,2024-05-08,P0115,C0049,13,0.046,133.3,1732.9,1727.18,5.72
O001550,2024-03-30,P0018,C0009,14,0.179,224.96,3149.44,371.84,2777.6
O001551,2024-01-14,P0099,C0017,11,0.064,28.79,316.69,733.26,-416.57
O001552,2024-05-07,P0117,C0005,3,0.07,58.32,174.96,481.74,-306.78
O001553,2024-10-01,P0059,C0058,6,0.022,198.12,1188.72,1041.24,147.48
O001554,2025-01-29,P0090,C0057,11,0.122,23.17,254.87,119.35,135.52
O001555,2024-12-31,P0016,C0031,9,0.044,232.0,2088.0,733.86,1354.14
O001556,2024-11-17,P0006,C0052,5,0.113,192.81,964.05,588.3,375.75
O001557,2024-11-27,P0057,C0040,12,0.04,181.32,2175.84,846.48,1329.36
O001558,2024-10-06,P0108,C0038,8,0.07,90.77,726.16,396.8,329.36
O001559,2024-04-19,P0107,C0043,4,0.154,217.87,871.48,396.4,475.08
O001560,2025-01-16,P0047,C0019,8,0.133,267.82,2142.56,73.6,2068.96
O001561,2024-10-08,P0111,C0036,10,0.028,22.09,220.9,1628.7,-1407.8
O001562,2024-08-23,P0048,C0050,11,0.109,245.18,2696.98,1054.35,1642.63
O001563,2024-02-16,P0042,C0033,9,0.113,113.45,1021.05,242.37,778.68
O001564,2024-07-06,P0076,C0013,13,0.016,209.83,2727.79,1807.0,920.79
O001565,2024-07-12,P0060,C0014,11,0.084,290.34,3193.74,564.41,2629.33
O001566,2024-12-29,P0077,C0056,11,0.047,218.33,2401.63,537.57,1864.06
O001567,2024-08-17,P0004,C0033,10,0.084,16.31,163.1,639.3,-476.2
O001568,2024-06-08,P0103,C0029,10,0.14,203.36,2033.6,523.7,1509.9
O001569,2025-02-14,P0118,C0043,9,0.028,88.76,798.84,1279.26,-480.42
O001570,2024-02-16,P0002,C0049,6,0.022,282.7,1696.2,113.58,1582.62
O001571,2024-06-26,P0090,C0036,10,0.048,25.12,251.2,108.5,142.7
O001572,2024-01-18,P0059,C0058,6,0.171,167.94,1007.64,1041.24,-33.6
O001573,2024-11-06,P0027,C0044,7,0.135,248.32,1738.24,331.45,1406.79
O001574,2025-01-20,P0027,C0010,9,0.004,285.92,2573.28,426.15,2147.13
O001575,2024-04-27,P0079,C0031,7,0.072,265.83,1860.81,498.82,1361.99
O001576,2024-12-26,P0072,C0006,15,0.046,280.04,4200.6,1382.85,2817.75
O001577,2024-05-02,P0007,C0057,11,0.115,14.64,161.04,1766.6,-1605.56
O001578,2025-01-17,P0063,C0001,10,0.083,259.14,2591.4,569.9,2021.5
O001579,2024-11-12,P0111,C0007,11,0.174,18.77,206.47,1791.57,-1585.1
O001580,2024-12-04,P0119,C0058,8,0.039,175.39,1403.12,947.44,455.68
O001581,2024-01-08,P0046,C0027,13,0.106,276.99,3600.87,2028.65,1572.22
O001582,2025-02-08,P0063,C0021,10,0.126,246.99,2469.9,569.9,1900.0
O001583,2024-11-01,P0104,C0028,6,0.149,266.05,1596.3,729.12,867.18
O001584,2024-05-07,P0012,C0016,7,0.073,77.31,541.17,731.78,-190.61
O001585,2024-12-14,P0013,C0056,10,0.124,203.42,2034.2,1406.1,628.1
O001586,2024-04-28,P0043,C0046,8,0.055,18.63,149.04,377.6,-228.56
O001587,2025-01-01,P0017,C0023,12,0.078,196.52,2358.24,148.44,2209.8
O001588,2024-02-17,P0063,C0052,5,0.161,237.1,1185.5,284.95,900.55
O001589,2024-10-22,P0081,C0020,9,0.171,107.4,966.6,1052.73,-86.13
O001590,2024-08-15,P0120,C0038,-1,0.129,202.9,1014.5,112.35,902.15
O001591,2024-02-10,P0036,C0054,10,0.067,20.92,209.2,400.9,-191.7
O001592,2024-04-11,P0085,C0025,10,0.148,133.77,1337.7,631.7,706.0
O001593,2024-01-06,P0008,C0028,8,0.005,63.73,509.84,713.76,-203.92
O001594,2024-07-15,P0069,C0005,10,0.018,257.15,2571.5,1642.2,929.3
O001595,2024-05-06,P0090,C0056,8,0.119,23.25,186.0,86.8,99.2
O001596,2024-09-08,P0080,C0021,13,0.052,111.95,1455.35,1517.88,-62.53
O001597,2024-05-04,P0036,C0018,-1,0.171,18.59,223.08,481.08,-258.0
O001598,2024-05-05,P0028,C0047,8,0.078,191.32,1530.56,169.92,1360.64
O001599,2024-11-08,P0118,C0006,10,0.077,84.29,842.9,1421.4,-578.5
O001600,2024-01-21,P0093,C0057,12,0.122,47.19,566.28,1427.64,-861.36
O001601,2025-01-14,P0047,C0029,10,0.138,266.27,2662.7,92.0,2570.7
O001602,2024-12-23,P0076,C0019,9,0.086,194.9,1754.1,1251.0,503.1
O001603,2024-10-07,P0101,C0033,5,0.039,172.87,864.35,835.25,29.1
O001604,2024-09-06,P0030,C0001,11,0.139,144.91,1594.01,393.03,1200.98
O001605,2025-01-09,P0023,C0045,11,0.058,90.33,993.63,1805.1,-811.47
O001606,2024-03-18,P0016,C0003,10,0.032,234.91,2349.1,815.4,1533.7
O001607,2024-02-03,P0014,C0042,12,0.114,77.4,928.8,1115.16,-186.36
O001608,2024-04-10,P0074,C0021,9,0.016,165.27,1487.43,446.67,1040.76
O001609,2024-11-29,P0071,C0035,10,0.175,230.55,2305.5,329.2,1976.3
O001610,2024-01-15,P0109,C0041,11,0.114,131.92,1451.12,264.11,1187.01
O001611,2024-09-01,P0052,C0040,5,0.177,91.9,459.5,330.35,129.15
O001612,2025-02-22,P0037,C0003,12,0.061,198.95,2387.4,1938.24,449.16
O001613,2024-12-25,P0029,C0025,13,0.175,212.37,2760.81,751.92,2008.89
O001614,2024-08-07,P0067,C0045,9,0.026,121.4,1092.6,151.65,940.95
O001615,2024-01-27,P0015,C0038,8,0.007,113.45,907.6,783.28,124.32
O001616,2024-12-15,P0100,C0045,6,0.006,176.0,1056.0,165.12,890.88
O001617,2024-09-08,P0047,C0055,11,0.084,282.95,3112.45,101.2,3011.25
O001618,2024-02-18,P0046,C0020,9,0.015,305.18,2746.62,1404.45,1342.17
O001619,2024-02-09,P0052,C0052,7,0.092,101.39,709.73,462.49,247.24
O001620,2025-01-17,P0019,C0044,5,0.059,202.85,1014.25,67.05,947.2
O001621,2024-10-08,P0077,C0045,11,0.06,215.35,2368.85,537.57,1831.28
O001622,2024-12-14,P0106,C0034,7,0.114,100.56,703.92,724.43,-20.51
O001623,2025-01-04,P0021,C0021,8,0.029,42.31,338.48,496.56,-158.08
O001624,2024-08-28,P0064,C0056,8,0.138,207.68,1661.44,114.72,1546.72
O001625,2024-08-05,P0037,C0055,12,0.105,189.62,2275.44,1938.24,337.2
O001626,2024-06-29,P0027,C0048,12,0.165,239.7,2876.4,568.2,2308.2
O001627,2024-05-13,P0055,C0023,6,0.066,280.7,1684.2,583.38,1100.82
O001628,2024-07-01,P0116,C0006,7,0.177,55.84,390.88,1136.1,-745.22
O001629,2024-11-21,P0029,C0051,7,0.104,230.65,1614.55,404.88,1209.67
O001630,2024-09-09,P0020,C0053,8,0.175,155.37,1242.96,939.68,303.28
O001631,2025-01-09,P0025,C0013,9,0.005,310.21,2791.89,707.31,2084.58
O001632,2024-07-05,P0070,C0049,8,0.131,227.75,1822.0,393.6,1428.4
O001633,2024-09-11,P0063,C0023,10,0.147,241.06,2410.6,569.9,1840.7
O001634,2024-09-22,P0036,C0009,10,0.01,22.2,222.0,400.9,-178.9
O001635,2024-09-05,P0002,C0017,10,0.104,259.0,2590.0,189.3,2400.7
O001636,2024-10-22,P0022,C0002,12,0.144,108.84,1306.08,1145.64,160.44
O001637,2024-04-09,P0096,C0019,15,0.101,72.67,1090.05,1117.8,-27.75
O001638,2024-08-03,P0016,C0019,8,0.011,240.01,1920.08,652.32,1267.76
O001639,2024-02-13,P0018,C0056,6,0.125,239.76,1438.56,159.36,1279.2
O001640,2024-06-10,P0069,C0007,10,0.011,258.98,2589.8,1642.2,947.6
O001641,2024-07-23,P0054,C0054,12,0.147,157.65,1891.8,763.08,1128.72
O001642,2024-09-30,P0100,C0042,8,0.008,175.64,1405.12,220.16,1184.96
O001643,2025-02-03,P0030,C0042,6,0.025,164.09,984.54,214.38,770.16
O001644,2024-09-09,P0045,C0059,15,0.05,138.32,2074.8,2230.5,-155.7
O001645,2024-11-08,P0019,C0020,15,0.114,191.0,2865.0,201.15,2663.85
O001646,2024-07-31,P0087,C0009,10,0.176,84.38,843.8,150.1,693.7
O001647,2024-09-23,P0034,C0017,13,0.021,230.41,2995.33,2052.57,942.76
O001648,2024-01-30,P0013,C0027,11,0.026,226.17,2487.87,1546.71,941.16
O001649,2024-04-16,P0043,C0047,13,0.066,18.41,239.33,613.6,-374.27
O001650,2024-05-31,P0062,C0002,9,0.151,146.95,1322.55,537.75,784.8
O001651,2024-07-17,P0118,C0036,11,0.084,83.65,920.15,1563.54,-643.39
O001652,2024-01-20,P0093,C0019,9,0.058,50.63,455.67,1070.73,-615.06
O001653,2024-02-28,P0100,C0017,12,0.101,159.18,1910.16,330.24,1579.92
O001654,2024-04-26,P0022,C0005,10,0.047,121.17,1211.7,954.7,257.0
O001655,2025-02-12,P0052,C0039,9,0.072,103.62,932.58,594.63,337.95
O001656,2024-05-19,P0052,C0018,15,0.06,104.96,1574.4,991.05,583.35
O001657,2024-07-21,P0111,C0053,11,0.145,19.43,213.73,1791.57,-1577.84
O001658,2024-03-23,P0036,C0054,8,0.166,18.7,149.6,320.72,-171.12
O001659,2024-09-13,P0073,C0059,10,0.137,147.54,1475.4,1775.3,-299.9
O001660,2024-04-27,P0103,C0007,9,0.079,217.78,1960.02,471.33,1488.69
O001661,2024-03-27,P0115,C0017,11,0.091,127.01,1397.11,1461.46,-64.35
O001662,2024-08-04,P0019,C0039,11,0.023,210.61,2316.71,147.51,2169.2
O001663,2024-01-03,P0038,C0036,11,0.134,59.77,657.47,1108.47,-451.0
O001664,2024-01-04,P0070,C0040,7,0.107,234.04,1638.28,344.4,1293.88
O001665,2024-04-02,P0116,C0045,13,0.162,56.86,739.18,2109.9,-1370.72
O001666,2024-01-16,P0111,C0004,7,0.036,21.91,153.37,1140.09,-986.72
O001667,2024-02-15,P0079,C0038,5,0.137,247.21,1236.05,356.3,879.75
O001668,2024-05-22,P0057,C0025,15,0.123,165.64,2484.6,1058.1,1426.5
O001669,2024-12-03,P0020,C0005,14,0.048,179.29,2510.06,1644.44,865.62
O001670,2024-08-28,P0009,C0030,10,0.12,160.48,1604.8,285.7,1319.1
O001671,2024-08-03,P0032,C0012,11,0.166,137.79,1515.69,1617.0,-101.31
O001672,2024-05-03,P0004,C0004,5,0.165,14.87,74.35,319.65,-245.3
O001673,2025-01-26,P0050,C0024,9,0.13,115.23,1037.07,415.8,621.27
O001674,2024-06-15,P0082,C0029,5,0.009,43.27,216.35,500.75,-284.4
O001675,2024-02-06,P0005,C0009,7,0.157,38.74,271.18,934.43,-663.25
O001676,2024-09-16,P0020,C0004,12,0.118,166.11,1993.32,1409.52,583.8
O001677,2024-02-17,P0087,C0051,6,0.056,96.67,580.02,90.06,489.96
O001678,2024-05-24,P0075,C0024,12,0.034,249.69,2996.28,1483.32,1512.96
O001679,2024-08-01,P0037,C0014,8,0.021,207.42,1659.36,1292.16,367.2
O001680,2025-01-02,P0022,C0005,13,0.009,126.01,1638.13,1241.11,397.02
O001681,2024-07-26,P0058,C0018,6,0.136,38.57,231.42,1050.9,-819.48
O001682,2024-10-21,P0068,C0042,4,0.042,100.16,400.64,223.72,176.92
O001683,2025-02-20,P0093,C0057,9,0.004,53.54,481.86,1070.73,-588.87
O001684,2024-02-25,P0044,C0019,10,0.072,276.67,2766.7,814.6,1952.1
O001685,2024-04-25,P0034,C0012,7,0.087,214.87,1504.09,1105.23,398.86
O001686,2024-06-14,P0077,C0018,6,0.03,222.23,1333.38,293.22,1040.16
O001687,2024-06-26,P0042,C0017,6,0.008,126.88,761.28,161.58,599.7
O001688,2024-06-21,P0009,C0030,10,0.034,176.16,1761.6,285.7,1475.9
O001689,2025-01-16,P0106,C0024,8,0.122,99.65,797.2,827.92,-30.72
O001690,2024-10-26,P0095,C0011,7,0.015,246.1,1722.7,887.88,834.82
O001691,2024-09-12,P0007,C0035,10,0.1,14.89,148.9,1606.0,-1457.1
O001692,2024-05-09,P0068,C0023,11,0.026,101.83,1120.13,615.23,504.9
O001693,2024-12-11,P0019,C0017,7,0.035,208.03,1456.21,93.87,1362.34
O001694,2025-02-05,P0106,C0001,9,0.071,105.44,948.96,931.41,17.55
O001695,2024-12-10,P0094,C0015,7,0.018,171.14,1197.98,265.93,932.05
O001696,2024-01-01,P0031,C0032,4,0.031,185.04,740.16,671.64,68.52
O001697,2024-09-24,P0035,C0060,12,0.063,94.3,1131.6,1754.76,-623.16
O001698,2024-01-22,P0057,C0009,6,0.059,177.73,1066.38,423.24,643.14
O001699,2024-04-18,P0085,C0015,8,0.135,135.81,1086.48,505.36,581.12
O001700,2024-01-26,P0061,C0028,14,0.013,56.98,797.72,1309.42,-511.7
O001701,2024-09-10,P0031,C0024,8,0.155,161.36,1290.88,1343.28,-52.4
O001702,2024-10-15,P0083,C0060,6,0.147,163.25,979.5,141.18,838.32
O001703,2024-02-18,P0095,C0035,6,0.138,215.37,1292.22,761.04,531.18
O001704,2024-06-10,P0053,C0022,4,0.056,62.96,251.84,680.72,-428.88
O001705,2024-07-10,P0032,C0027,6,0.148,140.77,844.62,882.0,-37.38
O001706,2024-06-04,P0066,C0019,10,0.033,221.69,2216.9,944.6,1272.3
O001707,2024-02-20,P0059,C0045,8,0.022,198.12,1584.96,1388.32,196.64
O001708,2024-06-24,P0116,C0012,11,0.008,67.31,740.41,1785.3,-1044.89
O001709,2024-11-11,P0010,C0020,7,0.169,187.83,1314.81,914.76,400.05
O001710,2024-01-30,P0002,C0001,11,0.055,273.16,3004.76,208.23,2796.53
O001711,2024-02-03,P0066,C0021,-1,0.165,191.43,2297.16,1133.52,1163.64
O001712,2024-05-29,P0060,C0049,9,0.049,301.44,2712.96,461.79,2251.17
O001713,2025-01-30,P0088,C0045,12,0.163,163.38,1960.56,1315.56,645.0
O001714,2024-10-07,P0017,C0001,8,0.163,178.4,1427.2,98.96,1328.24
O001715,2024-10-12,P0096,C0010,11,0.166,67.41,741.51,819.72,-78.21
O001716,2024-06-01,P0016,C0047,8,0.089,221.08,1768.64,652.32,1116.32
O001717,2024-09-06,P0016,C0059,9,0.156,204.82,1843.38,733.86,1109.52
O001718,2024-01-05,P0046,C0059,10,0.171,256.85,2568.5,1560.5,1008.0
O001719,2024-09-24,P0039,C0032,6,0.058,284.33,1705.98,881.28,824.7
O001720,2025-01-18,P0117,C0039,8,0.075,58.01,464.08,1284.64,-820.56
O001721,2024-09-14,P0031,C0060,14,0.129,166.33,2328.62,2350.74,-22.12
O001722,2025-01-01,P0107,C0022,5,0.054,243.62,1218.1,495.5,722.6
O001723,2024-10-31,P0088,C0018,10,0.136,168.65,1686.5,1096.3,590.2
O001724,2024-02-20,P0001,C0048,10,0.013,63.46,634.6,649.1,-14.5
O001725,2025-01-14,P0011,C0046,8,0.094,193.75,1550.0,1110.88,439.12
O001726,2024-01-28,P0119,C0032,10,0.022,178.49,1784.9,1184.3,600.6
O001727,2024-08-12,P0085,C0027,9,0.053,148.69,1338.21,568.53,769.68
O001728,2024-02-29,P0004,C0028,7,0.047,16.97,118.79,447.51,-328.72
O001729,2024-01-05,P0071,C0018,8,0.151,237.26,1898.08,263.36,1634.72
O001730,2024-06-26,P0026,C0059,9,0.035,130.17,1171.53,1241.55,-70.02
O001731,2024-05-03,P0111,C0039,13,0.146,19.41,252.33,2117.31,-1864.98
O001732,2024-07-23,P0050,C0049,3,0.143,113.51,340.53,138.6,201.93
O001733,2024-08-30,P0012,C0029,9,0.09,75.89,683.01,940.86,-257.85
O001734,2024-01-19,P0095,C0018,7,0.042,239.36,1675.52,887.88,787.64
O001735,2024-02-21,P0081,C0044,6,0.041,124.24,745.44,701.82,43.62
O001736,2024-08-22,P0097,C0008,7,0.084,187.76,1314.32,1183.84,130.48
O001737,2024-05-24,P0075,C0054,9,0.002,257.96,2321.64,1112.49,1209.15
O001738,2024-11-02,P0092,C0031,13,0.096,112.87,1467.31,610.48,856.83
O001739,2024-09-30,P0096,,8,0.172,66.93,535.44,596.16,-60.72
O001740,2024-12-21,P0065,C0007,8,0.028,221.22,1769.76,902.8,866.96
O001741,2024-10-17,P0047,C0036,6,0.103,277.08,1662.48,55.2,1607.28
O001742,2024-06-29,P0092,C0018,8,0.173,103.26,826.08,375.68,450.4
O001743,2024-10-09,P0053,C0060,7,0.155,56.36,394.52,1191.26,-796.74
O001744,2024-04-25,P0106,C0038,13,0.153,96.13,1249.69,1345.37,-95.68
O001745,2024-05-08,P0071,C0059,12,0.148,238.1,2857.2,395.04,2462.16
O001746,2024-11-27,P0002,C0009,4,0.056,272.87,1091.48,75.72,1015.76
O001747,2024-07-06,P0106,C0059,13,0.16,95.34,1239.42,1345.37,-105.95
O001748,2024-12-01,P0024,C0009,3,0.169,74.31,222.93,152.64,70.29
O001749,2024-12-11,P0004,C0046,11,0.089,16.22,178.42,703.23,-524.81
O001750,2024-12-26,P0108,C0008,9,0.064,91.35,822.15,446.4,375.75
O001751,2025-01-19,P0019,C0051,6,0.075,199.4,1196.4,80.46,1115.94
O001752,2024-06-30,P0026,C0035,11,0.06,126.8,1394.8,1517.45,-122.65
O001753,2024-05-13,P0075,C0018,8,0.038,248.66,1989.28,988.88,1000.4
O001754,2024-09-01,P0040,C0005,5,0.111,271.99,1359.95,810.65,549.3
O001755,2024-06-04,P0050,C0014,14,0.101,119.07,1666.98,646.8,1020.18
O001756,2024-09-09,P0043,C0028,13,0.083,18.07,234.91,613.6,-378.69
O001757,2024-10-23,P0075,C0030,9,0.017,254.09,2286.81,1112.49,1174.32
O001758,2024-10-16,P0109,C0004,13,0.143,127.6,1658.8,312.13,1346.67
O001759,2024-06-06,P0067,C0039,5,0.031,120.78,603.9,84.25,519.65
O001760,2024-03-11,P0012,C0020,-1,0.021,81.65,653.2,836.32,-183.12
O001761,2024-06-29,P0067,C0025,7,0.112,110.68,774.76,117.95,656.81
O001762,2024-02-29,P0106,C0028,13,0.072,105.33,1369.29,1345.37,23.92
O001763,2025-01-08,P0027,C0012,9,0.011,283.91,2555.19,426.15,2129.04
O001764,2024-05-25,P0113,C0002,9,0.064,252.69,2274.21,596.79,1677.42
O001765,2024-03-05,P0054,C0043,10,0.139,159.13,1591.3,635.9,955.4
O001766,2024-01-11,P0066,C0014,10,0.111,203.81,2038.1,944.6,1093.5
O001767,2024-09-28,P0049,C0022,4,0.065,98.0,392.0,319.16,72.84
O001768,2024-09-24,P0016,C0031,6,0.035,234.19,1405.14,489.24,915.9
O001769,2024-05-23,P0002,C0023,7,0.114,256.11,1792.77,132.51,1660.26
O001770,2024-01-31,P0060,C0048,9,0.16,266.25,2396.25,461.79,1934.46
O001771,2024-06-21,P0054,C0020,16,0.116,163.38,2614.08,1017.44,1596.64
O001772,2024-05-10,P0030,,5,0.146,143.73,718.65,178.65,540.0
O001773,2024-10-11,P0084,C0055,13,0.094,23.52,305.76,1971.71,-1665.95
O001774,2024-09-11,P0038,C0004,7,0.129,60.12,420.84,705.39,-284.55
O001775,2024-06-02,P0028,C0015,11,0.161,174.09,1914.99,233.64,1681.35
O001776,2024-04-01,P0025,C0024,12,0.139,268.43,3221.16,943.08,2278.08
O001777,2025-02-18,P0096,C0025,4,0.164,67.57,270.28,298.08,-27.8
O001778,2024-07-09,P0010,C0001,11,0.078,208.4,2292.4,1437.48,854.92
O001779,2024-10-16,P0060,C0007,11,0.163,265.3,2918.3,564.41,2353.89
O001780,2024-02-29,P0042,C0057,7,0.112,113.58,795.06,188.51,606.55
O001781,2024-07-22,P0040,C0031,3,0.157,257.92,773.76,486.39,287.37
O001782,2024-01-12,P0097,C0012,8,0.007,203.55,1628.4,1352.96,275.44
O001783,2024-07-31,P0077,C0042,5,0.118,202.07,1010.35,244.35,766.0
O001784,2025-02-08,P0120,C0005,15,0.153,197.31,2959.65,337.05,2622.6
O001785,2024-06-10,P0105,C0044,16,0.031,167.12,2673.92,2376.96,296.96
O001786,2024-01-17,P0118,C0050,8,0.119,80.45,643.6,1137.12,-493.52
O001787,2024-01-14,P0042,C0042,12,0.148,108.97,1307.64,323.16,984.48
O001788,2024-06-11,P0047,C0038,8,0.052,292.84,2342.72,73.6,2269.12
O001789,2024-03-08,P0037,C0060,12,0.073,196.4,2356.8,1938.24,418.56
O001790,2024-01-10,P0118,C0012,10,0.103,81.91,819.1,1421.4,-602.3
O001791,2024-11-13,P0080,C0039,12,0.093,107.11,1285.32,1401.12,-115.8
O001792,2024-07-11,P0109,C0018,9,0.007,147.85,1330.65,216.09,1114.56
O001793,2024-05-01,P0022,C0002,9,0.018,124.86,1123.74,859.23,264.51
O001794,2025-01-13,P0057,C0010,13,0.018,185.47,2411.11,917.02,1494.09
O001795,2024-02-18,P0084,C0015,4,0.047,24.74,98.96,606.68,-507.72
O001796,2025-02-05,P0114,C0030,12,0.044,217.27,2607.24,816.72,1790.52
O001797,2024-05-11,P0107,C0044,14,0.134,223.02,3122.28,1387.4,1734.88
O001798,2025-01-08,P0027,C0058,5,0.103,257.5,1287.5,236.75,1050.75
O001799,2024-09-10,P0041,C0017,8,0.138,253.45,2027.6,501.6,1526.0
O001800,2024-12-13,P0080,C0004,13,0.013,116.55,1515.15,1517.88,-2.73
O001801,2025-02-17,P0034,C0007,9,0.087,214.87,1933.83,1421.01,512.82
O001802,2024-05-01,P0032,C0041,8,0.058,155.64,1245.12,1176.0,69.12
O001803,2025-02-07,P0090,C0031,15,0.153,22.35,335.25,162.75,172.5
O001804,2024-06-12,P0089,C0051,9,0.127,21.21,190.89,1120.86,-929.97
O001805,2024-06-10,P0066,,7,0.156,193.5,1354.5,661.22,693.28
O001806,2024-05-22,P0012,,9,0.008,82.73,744.57,940.86,-196.29
O001807,2024-08-15,P0040,C0055,10,0.13,266.18,2661.8,1621.3,1040.5
O001808,2024-03-05,P0073,C0039,7,0.097,154.38,1080.66,1242.71,-162.05
O001809,2024-08-20,P0076,C0055,6,0.149,181.47,1088.82,834.0,254.82
O001810,2024-08-15,P0090,C0034,11,0.091,23.99,263.89,119.35,144.54
O001811,2024-11-15,P0073,C0006,11,0.097,154.38,1698.18,1952.83,-254.65
O001812,2024-12-16,P0010,C0050,7,0.009,224.0,1568.0,914.76,653.24
O001813,2024-07-03,P0096,C0038,14,0.12,71.13,995.82,1043.28,-47.46
O001814,2024-05-06,P0098,C0045,6,0.049,39.02,234.12,189.9,44.22
O001815,2024-04-18,P0048,C0058,8,0.004,274.07,2192.56,766.8,1425.76
O001816,2024-03-22,P0020,C0051,7,0.012,186.07,1302.49,822.22,480.27
O001817,2024-01-25,P0039,C0034,20,0.172,249.92,4998.4,2937.6,2060.8
O001818,2024-05-23,P0060,C0044,6,0.062,297.32,1783.92,307.86,1476.06
O001819,2024-04-23,P0066,C0015,12,0.156,193.5,2322.0,1133.52,1188.48
O001820,2025-02-09,P0065,C0014,12,0.173,188.22,2258.64,1354.2,904.44
O001821,2024-08-22,P0051,C0006,9,0.17,227.92,2051.28,257.58,1793.7
O001822,2024-05-25,P0036,C0050,14,0.159,18.86,264.04,561.26,-297.22
O001823,2024-08-31,P0024,C0037,5,0.161,75.02,375.1,254.4,120.7
O001824,2024-02-28,P0118,C0050,10,0.052,86.57,865.7,1421.4,-555.7
O001825,2024-07-05,P0027,C0032,13,0.027,279.32,3631.16,615.55,3015.61
O001826,2024-09-20,P0002,C0003,12,0.115,255.82,3069.84,227.16,2842.68
O001827,2024-07-24,P0031,C0003,7,0.088,174.16,1219.12,1175.37,43.75
O001828,2024-06-17,P0057,C0022,4,0.018,185.47,741.88,282.16,459.72
O001829,2025-02-21,P0078,C0022,7,0.122,226.28,1583.96,932.75,651.21
O001830,2025-01-04,P0066,C0010,6,0.101,206.1,1236.6,566.76,669.84
O001831,2024-09-18,P0029,C0051,9,0.155,217.52,1957.68,520.56,1437.12
O001832,2024-08-27,P0015,C0003,8,0.11,101.68,813.44,783.28,30.16
O001833,2024-09-17,P0012,C0012,5,0.103,74.81,374.05,522.7,-148.65
O001834,2024-03-25,P0101,C0029,6,0.079,165.68,994.08,1002.3,-8.22
O001835,2024-06-14,P0028,C0048,12,0.083,190.28,2283.36,254.88,2028.48
O001836,2024-01-17,P0084,C0017,17,0.172,21.49,365.33,2578.39,-2213.06
O001837,2024-07-18,P0103,C0007,12,0.025,230.55,2766.6,628.44,2138.16
O001838,2024-08-16,P0024,C0013,8,0.08,82.27,658.16,407.04,251.12
O001839,2024-04-05,P0021,C0056,18,0.118,38.43,691.74,1117.26,-425.52
O001840,2025-02-08,P0010,C0002,10,0.078,208.4,2084.0,1306.8,777.2
O001841,2025-01-16,P0110,C0004,11,0.051,36.94,406.34,1785.52,-1379.18
O001842,2024-10-30,P0078,C0010,11,0.052,244.32,2687.52,1465.75,1221.77
O001843,2024-08-12,P0101,C0039,8,0.042,172.33,1378.64,1336.4,42.24
O001844,2024-12-31,P0018,C0024,15,0.062,257.02,3855.3,398.4,3456.9
O001845,2024-02-24,P0088,C0017,11,0.157,164.55,1810.05,1205.93,604.12
O001846,2024-11-28,P0014,C0052,8,0.091,79.41,635.28,743.44,-108.16
O001847,2024-02-22,P0034,C0006,11,0.043,225.23,2477.53,1736.79,740.74
O001848,2024-11-29,P0058,C0019,9,0.069,41.56,374.04,1576.35,-1202.31
O001849,2024-04-25,P0076,C0005,18,0.019,209.19,3765.42,2502.0,1263.42
O001850,2025-01-03,P0022,C0032,9,0.163,106.42,957.78,859.23,98.55
O001851,2025-01-31,P0120,C0010,7,0.073,215.94,1511.58,157.29,1354.29
O001852,2024-03-03,P0070,C0009,11,0.176,215.95,2375.45,541.2,1834.25
O001853,2024-07-13,P0036,C0027,5,0.063,21.01,105.05,200.45,-95.4
O001854,2025-02-16,P0045,C0013,10,0.151,123.61,1236.1,1487.0,-250.9
O001855,2024-07-22,P0036,C0019,10,0.046,21.39,213.9,400.9,-187.0
O001856,2024-12-28,P0022,C0021,12,0.014,125.37,1504.44,1145.64,358.8
O001857,2024-09-04,P0078,C0024,11,0.006,256.17,2817.87,1465.75,1352.12
O001858,2024-06-06,P0080,C0038,12,0.109,105.22,1262.64,1401.12,-138.48
O001859,2024-04-30,P0061,C0004,11,0.056,54.5,599.5,1028.83,-429.33
O001860,2024-03-26,P0100,C0024,6,0.08,162.9,977.4,165.12,812.28
O001861,2024-11-15,P0056,C0059,10,0.147,193.88,1938.8,1289.2,649.6
O001862,2024-06-11,P0089,C0035,6,0.045,23.21,139.26,747.24,-607.98
O001863,2024-08-02,P0096,C0003,5,0.056,76.3,381.5,372.6,8.9
O001864,2024-07-25,P0033,C0004,11,0.152,63.22,695.42,1286.45,-591.03
O001865,2024-08-30,P0045,C0057,16,0.089,132.64,2122.24,2379.2,-256.96
O001866,2024-12-29,P0036,C0037,2,0.149,19.08,38.16,80.18,-42.02
O001867,2025-02-15,P0020,C0040,14,0.067,175.71,2459.94,1644.44,815.5
O001868,2024-06-20,P0018,C0048,11,0.072,254.28,2797.08,292.16,2504.92
O001869,2024-12-13,P0038,C0054,7,0.03,66.95,468.65,705.39,-236.74
O001870,2024-11-17,P0067,C0035,8,0.165,104.07,832.56,134.8,697.76
O001871,2024-08-28,P0023,C0031,8,0.161,80.45,643.6,1312.8,-669.2
O001872,2025-02-05,P0096,C0056,9,0.177,66.52,598.68,670.68,-72.0
O001873,2024-03-25,P0109,C0044,12,0.072,138.17,1658.04,288.12,1369.92
O001874,2024-02-15,P0016,C0025,11,0.147,207.01,2277.11,896.94,1380.17
O001875,2024-12-24,P0059,C0040,7,0.075,187.39,1311.73,1214.78,96.95
O001876,2024-07-03,P0069,C0013,8,0.082,240.39,1923.12,1313.76,609.36
O001877,2024-12-21,P0068,C0004,9,0.149,88.97,800.73,503.37,297.36
O001878,2025-01-10,P0021,C0046,16,0.032,42.18,674.88,993.12,-318.24
O001879,2024-01-27,P0104,C0014,11,0.04,300.12,3301.32,1336.72,1964.6
O001880,2025-01-06,P0115,C0013,11,0.057,131.77,1449.47,1461.46,-11.99
O001881,2024-07-07,P0078,C0027,13,0.142,221.12,2874.56,1732.25,1142.31
O001882,2024-08-02,P0103,C0006,9,0.067,220.62,1985.58,471.33,1514.25
O001883,2024-09-20,P0095,C0017,11,0.064,233.86,2572.46,1395.24,1177.22
O001884,2025-01-24,P0078,C0036,12,0.18,211.33,2535.96,1599.0,936.96
O001885,2024-01-09,P0070,C0040,6,0.069,244.0,1464.0,295.2,1168.8
O001886,2024-07-19,P0012,C0049,8,0.045,79.65,637.2,836.32,-199.12
O001887,2024-10-15,P0016,C0035,14,0.112,215.5,3017.0,1141.56,1875.44
O001888,2024-10-30,P0081,C0017,5,0.144,110.89,554.45,584.85,-30.4
O001889,2024-10-17,P0109,C0041,5,0.013,146.95,734.75,120.05,614.7
O001890,2024-02-26,P0087,C0002,8,0.111,91.03,728.24,120.08,608.16
O001891,2024-05-05,P0014,C0057,8,0.006,86.84,694.72,743.44,-48.72
O001892,2024-05-30,P0061,C0013,10,0.095,52.25,522.5,935.3,-412.8
O001893,2024-12-03,P0071,C0052,10,0.046,266.6,2666.0,329.2,2336.8
O001894,2024-04-27,P0046,C0002,6,0.055,292.79,1756.74,936.3,820.44
O001895,2024-03-29,P0032,C0052,12,0.084,151.34,1816.08,1764.0,52.08
O001896,2025-02-06,P0015,C0028,12,0.167,95.17,1142.04,1174.92,-32.88
O001897,2024-01-04,P0044,C0043,7,0.128,259.98,1819.86,570.22,1249.64
O001898,2025-02-23,P0017,C0059,9,0.169,177.12,1594.08,111.33,1482.75
O001899,2024-10-11,P0041,C0026,12,0.119,259.04,3108.48,752.4,2356.08
O001900,2024-12-13,P0054,C0022,8,0.001,184.64,1477.12,508.72,968.4
O001901,2024-05-03,P0111,C0047,8,0.048,21.64,173.12,1302.96,-1129.84
O001902,2024-01-07,P0044,C0043,9,0.163,249.54,2245.86,733.14,1512.72
O001903,2024-11-05,P0098,C0055,12,0.116,36.27,435.24,379.8,55.44
O001904,2024-12-16,P0005,C0003,4,0.177,37.82,151.28,533.96,-382.68
O001905,2024-11-06,P0109,C0035,9,0.028,144.72,1302.48,216.09,1086.39
O001906,2024-02-29,P0027,C0060,14,0.053,271.86,3806.04,662.9,3143.14
O001907,2024-11-12,P0116,C0058,11,0.065,63.44,697.84,1785.3,-1087.46
O001908,2024-11-18,P0087,C0012,16,0.059,96.36,1541.76,240.16,1301.6
O001909,2024-10-03,P0104,C0024,7,0.045,298.56,2089.92,850.64,1239.28
O001910,2024-11-17,P0078,C0005,5,0.08,237.1,1185.5,666.25,519.25
O001911,2024-12-21,P0079,C0020,7,0.116,253.22,1772.54,498.82,1273.72
O001912,2024-09-14,P0043,C0039,11,0.056,18.61,204.71,519.2,-314.49
O001913,2024-02-07,P0097,C0039,9,0.014,202.11,1818.99,1522.08,296.91
O001914,2024-07-23,P0117,C0013,5,0.128,54.68,273.4,802.9,-529.5
O001915,2024-02-02,P0031,C0041,6,0.083,175.11,1050.66,1007.46,43.2
O001916,2024-06-20,P0099,C0057,6,0.1,27.68,166.08,399.96,-233.88
O001917,2024-06-19,P0017,C0053,14,0.082,195.66,2739.24,173.18,2566.06
O001918,2024-01-28,P0092,C0045,9,0.16,104.88,943.92,422.64,521.28
O001919,2024-05-26,P0083,C0012,5,0.101,172.05,860.25,117.65,742.6
O001920,2024-02-16,P0110,C0013,7,0.166,32.47,227.29,1136.24,-908.95
O001921,2024-12-05,P0054,C0056,7,0.092,167.82,1174.74,445.13,729.61
O001922,2025-02-02,P0062,,11,0.053,163.92,1803.12,657.25,1145.87
O001923,2024-01-31,P0087,C0033,11,0.064,95.85,1054.35,165.11,889.24
O001924,2025-02-05,P0032,,8,0.094,149.69,1197.52,1176.0,21.52
O001925,2024-08-07,P0040,C0040,7,0.095,276.88,1938.16,1134.91,803.25
O001926,2024-05-05,P0013,C0054,10,0.124,203.42,2034.2,1406.1,628.1
O001927,2024-02-02,P0084,C0016,11,0.04,24.92,274.12,1668.37,-1394.25
O001928,2024-07-29,P0035,C0045,12,0.119,88.66,1063.92,1754.76,-690.84
O001929,2024-11-29,P0005,C0035,9,0.14,39.52,355.68,1201.41,-845.73
O001930,2024-10-23,P0073,C0003,3,0.122,150.1,450.3,532.59,-82.29
O001931,2024-01-22,P0029,C0056,9,0.087,235.02,2115.18,520.56,1594.62
O001932,2024-01-31,P0070,,2,0.179,215.17,430.34,98.4,331.94
O001933,2024-06-18,P0025,C0026,6,0.073,289.01,1734.06,471.54,1262.52
O001934,2024-05-04,P0095,C0011,11,0.019,245.1,2696.1,1395.24,1300.86
O001935,2024-04-07,P0022,C0007,11,0.148,108.33,1191.63,1050.17,141.46
O001936,2024-04-28,P0066,C0053,10,0.038,220.55,2205.5,944.6,1260.9
O001937,2024-12-03,P0045,C0056,14,0.128,126.96,1777.44,2081.8,-304.36
O001938,2025-01-25,P0069,C0010,8,0.032,253.48,2027.84,1313.76,714.08
O001939,2024-06-19,P0091,,8,0.003,265.09,2120.72,768.64,1352.08
O001940,2025-01-15,P0089,C0052,13,0.029,23.6,306.8,1619.02,-1312.22
O001941,2024-05-15,P0072,C0034,3,0.068,273.58,820.74,276.57,544.17
O001942,2024-07-19,P0119,C0003,10,0.019,179.04,1790.4,1184.3,606.1
O001943,2024-04-04,P0001,C0008,7,0.036,61.99,433.93,454.37,-20.44
O001944,2024-09-25,P0084,C0031,11,0.138,22.38,246.18,1668.37,-1422.19
O001945,2025-02-15,P0044,C0011,15,0.139,256.7,3850.5,1221.9,2628.6
O001946,2024-09-10,P0087,C0045,13,0.147,87.35,1135.55,195.13,940.42
O001947,2024-05-30,P0096,,6,0.151,68.62,411.72,447.12,-35.4
O001948,2024-09-29,P0075,C0045,10,0.076,238.84,2388.4,1236.1,1152.3
O001949,2024-02-21,P0039,C0002,6,0.156,254.75,1528.5,881.28,647.22
O001950,2025-01-08,P0111,C0006,8,0.095,20.57,164.56,1302.96,-1138.4
O001951,2024-07-30,P0054,C0041,15,0.085,169.11,2536.65,953.85,1582.8
O001952,2024-07-07,P0088,C0032,11,0.129,170.02,1870.22,1205.93,664.29
O001953,2024-09-03,P0075,C0020,13,0.038,248.66,3232.58,1606.93,1625.65
O001954,2024-09-19,P0029,C0057,9,0.142,220.87,1987.83,520.56,1467.27
O001955,2024-01-31,P0054,C0034,10,0.077,170.59,1705.9,635.9,1070.0
O001956,2024-10-13,P0090,C0050,6,0.023,25.78,154.68,65.1,89.58
O001957,2024-04-11,P0016,C0016,8,0.021,237.58,1900.64,652.32,1248.32
O001958,2024-10-26,P0099,C0025,12,0.03,29.84,358.08,799.92,-441.84
O001959,2024-12-11,P0020,C0012,9,0.16,158.2,1423.8,1057.14,366.66
O001960,2024-12-03,P0046,C0007,9,0.178,254.68,2292.12,1404.45,887.67
O001961,2024-08-20,P0067,C0039,7,0.064,116.66,816.62,117.95,698.67
O001962,2024-08-06,P0065,C0017,10,0.053,215.53,2155.3,1128.5,1026.8
O001963,2024-03-01,P0058,C0045,-1,0.039,42.9,429.0,1751.5,-1322.5
O001964,2024-11-21,P0053,C0011,9,0.148,56.83,511.47,1531.62,-1020.15
O001965,2024-04-23,P0111,C0006,-1,0.038,21.87,196.83,1465.83,-1269.0
O001966,2024-07-27,P0001,C0023,6,0.166,53.63,321.78,389.46,-67.68
O001967,2024-04-29,P0081,C0027,15,0.12,114.0,1710.0,1754.55,-44.55
O001968,2024-02-26,P0066,C0046,11,0.161,192.35,2115.85,1039.06,1076.79
O001969,2024-09-21,P0029,C0006,7,0.1,231.68,1621.76,404.88,1216.88
O001970,2024-01-23,P0084,C0038,8,0.124,22.74,181.92,1213.36,-1031.44
O001971,2024-11-10,P0070,C0002,12,0.112,232.73,2792.76,590.4,2202.36
O001972,2024-05-13,P0008,C0022,10,0.15,54.44,544.4,892.2,-347.8
O001973,2024-01-01,P0029,C0020,5,0.15,218.81,1094.05,289.2,804.85
O001974,2024-08-02,P0112,C0025,10,0.106,275.9,2759.0,1168.9,1590.1
O001975,2024-01-20,P0051,C0015,9,0.114,243.3,2189.7,257.58,1932.12
O001976,2024-04-25,P0033,C0060,11,0.166,62.17,683.87,1286.45,-602.58
O001977,2024-10-23,P0003,C0049,10,0.167,166.57,1665.7,614.9,1050.8
O001978,2024-01-27,P0060,C0029,9,0.12,278.93,2510.37,461.79,2048.58
O001979,2024-12-18,P0035,C0008,9,0.001,100.54,904.86,1316.07,-411.21
O001980,2024-01-02,P0069,C0037,14,0.019,256.88,3596.32,2299.08,1297.24
O001981,2024-04-13,P0091,C0049,8,0.154,224.94,1799.52,768.64,1030.88
O001982,2024-11-07,P0108,C0052,10,0.015,96.14,961.4,496.0,465.4
O001983,2024-05-12,P0076,C0033,10,0.038,205.14,2051.4,1390.0,661.4
O001984,2024-02-12,P0084,C0022,6,0.041,24.9,149.4,910.02,-760.62
O001985,2024-05-31,P0109,C0050,8,0.108,132.81,1062.48,192.08,870.4
O001986,2024-04-23,P0020,C0047,13,0.104,168.74,2193.62,1526.98,666.64
O001987,2024-12-19,P0073,C0005,9,0.052,162.07,1458.63,1597.77,-139.14
O001988,2024-05-11,P0039,C0039,9,0.037,290.67,2616.03,1321.92,1294.11
O001989,2024-11-27,P0004,C0018,10,0.138,15.35,153.5,639.3,-485.8
O001990,2025-01-09,P0115,C0038,7,0.168,116.26,813.82,930.02,-116.2
O001991,2024-07-01,P0118,C0054,8,0.01,90.41,723.28,1137.12,-413.84
O001992,2025-01-17,P0019,,5,0.024,210.4,1052.0,67.05,984.95
O001993,2024-06-07,P0102,C0037,9,0.116,185.13,1666.17,1430.1,236.07
O001994,2025-02-08,P0091,C0030,12,0.145,227.34,2728.08,1152.96,1575.12
O001995,2024-02-07,P0045,C0051,10,0.142,124.92,1249.2,1487.0,-237.8
O001996,2024-10-15,P0043,C0031,7,0.13,17.15,120.05,330.4,-210.35
O001997,2024-07-26,P0013,C0010,11,0.16,195.06,2145.66,1546.71,598.95
O001998,2024-06-11,P0013,C0015,7,0.039,223.15,1562.05,984.27,577.78
O001999,2024-09-22,P0060,C0042,-1,0.019,310.95,2798.55,461.79,2336.76
O002000,2024-10-22,P0057,C0059,10,0.111,167.91,1679.1,705.4,973.7
O002001,2024-01-02,P0086,C0048,7,0.148,153.79,1076.53,280.56,795.97
O002002,2024-03-11,P0092,C0044,11,0.105,111.75,1229.25,516.56,712.69
O002003,2024-10-26,P0052,C0018,7,0.173,92.34,646.38,462.49,183.89
O002004,2024-10-06,P0111,C0023,7,0.143,19.48,136.36,1140.09,-1003.73
O002005,2025-02-09,P0053,C0033,9,0.126,58.3,524.7,1531.62,-1006.92
O002006,2024-11-15,P0109,C0016,7,0.011,147.25,1030.75,168.07,862.68
O002007,2025-02-03,P0086,C0054,9,0.019,177.08,1593.72,360.72,1233.0
O002008,2024-10-22,P0043,C0038,8,0.141,16.93,135.44,377.6,-242.16
O002009,2024-05-05,P0083,C0035,7,0.036,184.49,1291.43,164.71,1126.72
O002010,2024-02-14,P0072,C0034,5,0.005,292.07,1460.35,460.95,999.4
O002011,2024-11-24,P0116,C0028,12,0.164,56.72,680.64,1947.6,-1266.96
O002012,2024-09-27,P0072,C0002,9,0.16,246.57,2219.13,829.71,1389.42
O002013,2024-01-21,P0042,C0030,4,0.039,122.91,491.64,107.72,383.92
O002014,2024-05-31,P0090,C0013,11,0.14,22.7,249.7,119.35,130.35
O002015,2025-02-05,P0112,C0041,6,0.009,305.83,1834.98,701.34,1133.64
O002016,2024-07-29,P0115,C0016,9,0.051,132.6,1193.4,1195.74,-2.34
O002017,2024-06-30,P0026,C0059,10,0.112,119.78,1197.8,1379.5,-181.7
O002018,2024-07-11,P0023,C0005,5,0.137,82.75,413.75,820.5,-406.75
O002019,2024-03-28,P0043,C0055,11,0.002,19.67,216.37,519.2,-302.83
O002020,2024-06-03,P0077,C0028,14,0.059,215.58,3018.12,684.18,2333.94
O002021,2024-06-04,P0028,C0053,9,0.039,199.41,1794.69,191.16,1603.53
O002022,2024-01-22,P0009,C0039,12,0.18,149.54,1794.48,342.84,1451.64
O002023,2024-11-18,P0020,C0045,10,0.121,165.54,1655.4,1174.6,480.8
O002024,2024-06-23,P0056,C0020,16,0.073,210.7,3371.2,2062.72,1308.48
O002025,2024-12-11,P0083,C0024,6,0.014,188.7,1132.2,141.18,991.02
O002026,2024-12-23,P0112,C0027,10,0.108,275.28,2752.8,1168.9,1583.9
O002027,2024-03-30,P0039,C0030,12,0.116,266.83,3201.96,1762.56,1439.4
O002028,2024-10-03,P0051,C0058,10,0.147,234.23,2342.3,286.2,2056.1
O002029,2024-07-17,P0012,C0045,9,0.052,79.06,711.54,940.86,-229.32
O002030,2025-01-04,P0079,C0027,8,0.177,235.75,1886.0,570.08,1315.92
O002031,2024-03-31,P0095,C0026,6,0.079,230.11,1380.66,761.04,619.62
O002032,2024-10-11,P0055,C0007,9,0.053,284.6,2561.4,875.07,1686.33
O002033,2024-09-12,P0078,C0042,9,0.063,241.48,2173.32,1199.25,974.07
O002034,2024-05-04,P0011,C0047,9,0.094,193.75,1743.75,1249.74,494.01
O002035,2024-02-27,P0026,C0053,6,0.169,112.09,672.54,827.7,-155.16
O002036,2024-09-30,P0042,C0059,9,0.132,111.02,999.18,242.37,756.81
O002037,2024-11-06,P0027,C0038,10,0.104,257.21,2572.1,473.5,2098.6
O002038,2024-05-12,P0011,C0005,13,0.029,207.65,2699.45,1805.18,894.27
O002039,2024-09-27,P0038,C0023,7,0.027,67.16,470.12,705.39,-235.27
O002040,2024-06-14,P0098,C0028,9,0.09,37.34,336.06,284.85,51.21
O002041,2024-10-26,P0043,C0034,6,0.131,17.13,102.78,283.2,-180.42
O002042,2024-03-24,P0019,C0053,8,0.135,186.47,1491.76,107.28,1384.48
O002043,2025-01-08,P0064,C0015,15,0.041,231.05,3465.75,215.1,3250.65
O002044,2024-04-30,P0006,C0032,7,0.018,213.46,1494.22,823.62,670.6
O002045,2024-06-03,P0046,C0026,17,0.069,288.45,4903.65,2652.85,2250.8
O002046,2024-01-25,P0116,C0048,13,0.165,56.65,736.45,2109.9,-1373.45
O002047,2024-02-16,P0102,C0031,6,0.098,188.9,1133.4,953.4,180.0
O002048,2024-08-04,P0113,C0019,5,0.058,254.31,1271.55,331.55,940.0
O002049,2024-04-22,P0042,C0009,6,0.058,120.48,722.88,161.58,561.3
O002050,2024-12-16,P0092,C0029,6,0.024,121.86,731.16,281.76,449.4
O002051,2024-01-07,P0065,C0054,7,0.085,208.24,1457.68,789.95,667.73
O002052,2024-06-08,P0099,C0058,11,0.142,26.39,290.29,733.26,-442.97
O002053,2024-05-21,P0104,C0051,13,0.174,258.23,3356.99,1579.76,1777.23
O002054,2024-01-09,P0072,C0039,6,0.09,267.12,1602.72,553.14,1049.58
O002055,2024-02-22,P0059,C0004,10,0.03,196.5,1965.0,1735.4,229.6
O002056,2024-06-22,P0052,C0003,10,0.123,97.93,979.3,660.7,318.6
O002057,2024-07-26,P0118,C0056,14,0.136,78.9,1104.6,1989.96,-885.36
O002058,2024-06-18,P0047,C0029,8,0.013,304.88,2439.04,73.6,2365.44
O002059,2024-08-10,P0120,C0052,8,0.153,197.31,1578.48,179.76,1398.72
O002060,2024-09-06,P0007,C0011,8,0.149,14.08,112.64,1284.8,-1172.16
O002061,2024-01-05,P0011,C0033,7,0.085,195.67,1369.69,972.02,397.67
O002062,2024-07-13,P0103,C0038,13,0.101,212.58,2763.54,680.81,2082.73
O002063,2025-02-08,P0061,C0058,9,0.128,50.34,453.06,841.77,-388.71
O002064,2024-08-05,P0068,C0011,8,0.122,91.79,734.32,447.44,286.88
O002065,2024-10-11,P0025,C0027,12,0.003,310.83,3729.96,943.08,2786.88
O002066,2024-05-10,P0012,C0033,15,0.022,81.57,1223.55,1568.1,-344.55
O002067,2024-11-21,P0026,C0021,6,0.029,130.98,785.88,827.7,-41.82
O002068,2024-11-20,P0102,C0039,7,0.136,180.94,1266.58,1112.3,154.28
O002069,2024-08-06,P0110,C0031,6,0.079,35.85,215.1,973.92,-758.82
O002070,2025-02-13,P0012,C0038,8,0.098,75.23,601.84,836.32,-234.48
O002071,2024-02-22,P0043,C0046,8,0.139,16.97,135.76,377.6,-241.84
O002072,2024-01-08,P0051,C0002,8,0.061,257.85,2062.8,228.96,1833.84
O002073,2024-11-19,P0117,C0027,10,0.135,54.24,542.4,1605.8,-1063.4
O002074,2024-12-05,P0037,C0036,8,0.08,194.92,1559.36,1292.16,267.2
O002075,2024-02-20,P0046,C0011,13,0.068,288.76,3753.88,2028.65,1725.23
O002076,2024-04-21,P0053,C0047,8,0.06,62.7,501.6,1361.44,-859.84
O002077,2024-01-08,P0088,C0018,15,0.174,161.24,2418.6,1644.45,774.15
O002078,2024-05-03,P0080,C0059,6,0.139,101.68,610.08,700.56,-90.48
O002079,2024-11-20,P0013,C0001,6,0.004,231.28,1387.68,843.66,544.02
O002080,2024-08-05,P0089,C0035,8,0.172,20.12,160.96,996.32,-835.36
O002081,2024-05-26,P0118,C0035,9,0.14,78.54,706.86,1279.26,-572.4
O002082,2024-06-05,P0054,C0031,7,0.027,179.83,1258.81,445.13,813.68
O002083,2024-01-01,P0057,C0028,10,0.014,186.23,1862.3,705.4,1156.9
O002084,2024-05-05,P0116,C0039,9,0.055,64.12,577.08,1460.7,-883.62
O002085,2024-09-28,P0118,C0001,6,0.112,81.09,486.54,852.84,-366.3
O002086,2025-02-13,P0004,C0025,9,0.111,15.83,142.47,575.37,-432.9
O002087,2024-12-21,P0075,C0043,8,0.05,245.56,1964.48,988.88,975.6
O002088,2024-01-10,P0096,C0038,17,0.08,74.36,1264.12,1266.84,-2.72
O002089,2025-01-12,P0049,C0020,9,0.038,100.83,907.47,718.11,189.36
O002090,2024-11-24,P0007,C0003,8,0.009,16.39,131.12,1284.8,-1153.68
O002091,2024-11-23,P0110,C0051,7,0.093,35.31,247.17,1136.24,-889.07
O002092,2024-07-11,P0011,C0002,13,0.062,200.59,2607.67,1805.18,802.49
O002093,2024-06-16,P0092,C0018,4,0.098,112.62,450.48,187.84,262.64
O002094,2024-05-07,P0054,C0044,6,0.17,153.4,920.4,381.54,538.86
O002095,2024-01-28,P0105,C0010,7,0.026,167.99,1175.93,1039.92,136.01
O002096,2024-04-05,P0087,,12,0.0,102.4,1228.8,180.12,1048.68
O002097,2024-04-13,P0045,C0009,7,0.014,143.56,1004.92,1040.9,-35.98
O002098,2024-07-22,P0023,C0002,7,0.083,87.93,615.51,1148.7,-533.19
O002099,2024-11-09,P0114,C0034,6,0.127,198.41,1190.46,408.36,782.1
O002100,2024-07-18,P0028,C0060,7,0.105,185.71,1299.97,148.68,1151.29
O002101,2024-01-25,P0107,C0038,10,0.089,234.61,2346.1,991.0,1355.1
O002102,2025-02-06,P0111,C0031,6,0.064,21.28,127.68,977.22,-849.54
O002103,2025-01-30,P0057,C0010,9,0.056,178.29,1604.61,634.86,969.75
O002104,2024-11-25,P0026,C0050,10,0.068,125.72,1257.2,1379.5,-122.3
O002105,2025-02-20,P0025,C0012,7,0.11,277.48,1942.36,550.13,1392.23
O002106,2024-08-16,P0054,C0036,9,0.03,179.28,1613.52,572.31,1041.21
O002107,2025-02-08,P0029,C0054,10,0.139,221.64,2216.4,578.4,1638.0
O002108,2024-02-01,P0083,C0021,10,0.104,171.48,1714.8,235.3,1479.5
O002109,2024-06-02,P0097,C0049,5,0.048,195.14,975.7,845.6,130.1
O002110,2024-04-04,P0036,C0047,9,0.09,20.4,183.6,360.81,-177.21
O002111,2024-03-23,P0014,C0006,10,0.173,72.25,722.5,929.3,-206.8
O002112,2024-02-29,P0078,C0048,10,0.004,256.69,2566.9,1332.5,1234.4
O002113,2024-09-18,P0035,C0049,5,0.036,97.02,485.1,731.15,-246.05
O002114,2024-11-24,P0030,C0003,8,0.081,154.67,1237.36,285.84,951.52
O002115,2024-08-30,P0092,C0010,9,0.115,110.5,994.5,422.64,571.86
O002116,2024-03-02,P0017,C0005,-1,0.038,205.04,2255.44,136.07,2119.37
O002117,2024-12-06,P0067,C0046,7,0.168,103.7,725.9,117.95,607.95
O002118,2024-09-24,P0080,C0026,7,0.116,104.39,730.73,817.32,-86.59
O002119,2024-06-12,P0110,C0021,8,0.158,32.78,262.24,1298.56,-1036.32
O002120,2024-10-10,P0030,C0045,9,0.059,158.37,1425.33,321.57,1103.76
O002121,2024-04-19,P0116,C0026,10,0.149,57.74,577.4,1623.0,-1045.6
O002122,2024-05-24,P0093,C0038,16,0.068,50.1,801.6,1903.52,-1101.92
O002123,2025-01-20,P0045,C0044,9,0.045,139.05,1251.45,1338.3,-86.85
O002124,2024-05-02,P0079,C0026,6,0.164,239.47,1436.82,427.56,1009.26
O002125,2024-07-16,P0110,C0008,7,0.017,38.27,267.89,1136.24,-868.35
O002126,2025-01-08,P0120,C0005,13,0.17,193.35,2513.55,292.11,2221.44
O002127,2024-10-24,P0089,C0015,11,0.083,22.28,245.08,1369.94,-1124.86
O002128,2024-01-27,P0051,C0059,5,0.179,225.45,1127.25,143.1,984.15
O002129,2024-03-02,P0102,C0016,6,0.097,189.11,1134.66,953.4,181.26
O002130,2024-01-04,P0106,C0001,15,0.136,98.06,1470.9,1552.35,-81.45
O002131,2024-09-21,P0047,C0016,6,0.001,308.59,1851.54,55.2,1796.34
O002132,2024-07-07,P0053,C0037,16,0.089,60.76,972.16,2722.88,-1750.72
O002133,2024-02-26,P0064,C0003,8,0.133,208.89,1671.12,114.72,1556.4
O002134,2025-02-06,P0118,C0052,9,0.141,78.44,705.96,1279.26,-573.3
O002135,2024-08-10,P0116,C0047,6,0.028,65.95,395.7,973.8,-578.1
O002136,2024-04-11,P0038,C0031,7,0.075,63.84,446.88,705.39,-258.51
O002137,2024-07-29,P0064,C0013,14,0.075,222.86,3120.04,200.76,2919.28
O002138,2024-10-12,P0087,C0056,11,0.019,100.45,1104.95,165.11,939.84
O002139,2024-02-02,P0089,C0016,6,0.08,22.36,134.16,747.24,-613.08
O002140,2024-04-25,P0106,C0055,12,0.145,97.04,1164.48,1241.88,-77.4
O002141,2024-12-04,P0007,C0043,7,0.054,15.65,109.55,1124.2,-1014.65
O002142,2024-07-12,P0022,C0021,11,0.078,117.23,1289.53,1050.17,239.36
O002143,2024-08-17,P0081,C0002,5,0.173,107.14,535.7,584.85,-49.15
O002144,2024-06-30,P0082,C0054,7,0.006,43.4,303.8,701.05,-397.25
O002145,2024-01-19,P0113,C0027,10,0.106,241.35,2413.5,663.1,1750.4
O002146,2024-03-10,P0041,C0038,11,0.134,254.63,2800.93,689.7,2111.23
O002147,2024-07-06,P0074,C0026,7,0.137,144.95,1014.65,347.41,667.24
O002148,2024-03-28,P0010,C0058,7,0.129,196.87,1378.09,914.76,463.33
O002149,2024-01-21,P0057,C0059,4,0.131,164.13,656.52,282.16,374.36
O002150,2024-12-20,P0007,C0038,14,0.011,16.36,229.04,2248.4,-2019.36
O002151,2025-02-16,P0112,C0046,11,0.096,278.98,3068.78,1285.79,1782.99
O002152,2024-11-29,P0050,C0025,9,0.141,113.77,1023.93,415.8,608.13
O002153,2024-12-24,P0102,C0011,15,0.017,205.86,3087.9,2383.5,704.4
O002154,2024-04-11,P0091,C0008,8,0.002,265.36,2122.88,768.64,1354.24
O002155,2025-02-07,P0052,C0008,13,0.147,95.25,1238.25,858.91,379.34
O002156,2024-03-23,P0033,C0033,10,0.128,65.01,650.1,1169.5,-519.4
O002157,2025-02-03,P0001,C0053,13,0.074,59.54,774.02,843.83,-69.81
O002158,2025-02-21,P0108,C0007,4,0.169,81.11,324.44,198.4,126.04
O002159,2024-10-25,P0053,C0038,8,0.138,57.5,460.0,1361.44,-901.44
O002160,2025-02-16,P0060,C0021,8,0.174,261.82,2094.56,410.48,1684.08
O002161,2024-08-27,P0034,C0008,9,0.167,196.05,1764.45,1421.01,343.44
O002162,2024-04-19,P0004,C0051,9,0.087,16.26,146.34,575.37,-429.03
O002163,2024-07-02,P0017,C0054,10,0.136,184.15,1841.5,123.7,1717.8
O002164,2024-09-06,P0004,C0021,8,0.12,15.67,125.36,511.44,-386.08
O002165,2024-01-31,P0043,C0056,5,0.146,16.83,84.15,236.0,-151.85
O002166,2024-09-18,P0118,C0020,10,0.142,78.35,783.5,1421.4,-637.9
O002167,2025-02-16,P0090,C0008,13,0.028,25.65,333.45,141.05,192.4
O002168,2024-03-20,P0004,C0058,8,0.042,17.06,136.48,511.44,-374.96
O002169,2024-11-28,P0001,C0046,10,0.048,61.21,612.1,649.1,-37.0
O002170,2025-01-16,P0071,C0031,8,0.147,238.38,1907.04,263.36,1643.68
O002171,2025-01-31,P0094,C0050,12,0.146,148.84,1786.08,455.88,1330.2
O002172,2025-02-07,P0050,,9,0.089,120.66,1085.94,415.8,670.14
O002173,2024-08-07,P0073,C0029,9,0.105,153.01,1377.09,1597.77,-220.68
O002174,2025-02-14,P0061,C0048,10,0.149,49.13,491.3,935.3,-444.0
O002175,2024-11-14,P0035,C0009,4,0.056,95.0,380.0,584.92,-204.92
O002176,2024-03-08,P0008,C0015,9,0.009,63.47,571.23,802.98,-231.75
O002177,2024-07-19,P0024,C0030,10,0.087,81.64,816.4,508.8,307.6
O002178,2024-10-28,P0083,C0026,7,0.164,159.99,1119.93,164.71,955.22
O002179,2024-04-13,P0036,C0010,10,0.142,19.24,192.4,400.9,-208.5
O002180,2024-09-26,P0050,C0029,8,0.066,123.71,989.68,369.6,620.08
O002181,2024-10-06,P0116,C0054,9,0.012,67.04,603.36,1460.7,-857.34
O002182,2024-03-09,P0043,C0016,9,0.115,17.44,156.96,424.8,-267.84
O002183,2024-08-25,P0027,C0036,10,0.15,244.01,2440.1,473.5,1966.6
O002184,2024-11-20,P0032,C0020,10,0.12,145.39,1453.9,1470.0,-16.1
O002185,2024-07-28,P0078,C0045,9,0.077,237.88,2140.92,1199.25,941.67
O002186,2024-01-06,P0018,C0054,9,0.022,267.98,2411.82,239.04,2172.78
O002187,2024-01-04,P0028,C0037,9,0.164,173.47,1561.23,191.16,1370.07
O002188,2024-05-29,P0029,C0022,8,0.05,244.55,1956.4,462.72,1493.68
O002189,2025-01-24,P0016,C0007,10,0.04,232.97,2329.7,815.4,1514.3
O002190,2024-04-06,P0099,C0023,7,0.147,26.24,183.68,466.62,-282.94
O002191,2024-09-23,P0047,C0041,7,0.177,254.22,1779.54,64.4,1715.14
O002192,2024-04-03,P0059,C0040,7,0.119,178.47,1249.29,1214.78,34.51
O002193,2024-05-15,P0031,C0029,8,0.112,169.57,1356.56,1343.28,13.28
O002194,2024-12-22,P0004,C0016,9,0.057,16.79,151.11,575.37,-424.26
O002195,2024-11-02,P0037,C0038,11,0.004,211.02,2321.22,1776.72,544.5
O002196,2024-02-10,P0017,C0028,10,0.035,205.68,2056.8,123.7,1933.1
O002197,2024-06-29,P0039,C0048,9,0.105,270.15,2431.35,1321.92,1109.43
O002198,2024-01-13,P0048,C0038,9,0.027,267.74,2409.66,862.65,1547.01
O002199,2024-07-20,P0046,C0031,4,0.159,260.57,1042.28,624.2,418.08
O002200,2024-10-05,P0090,C0014,10,0.034,25.49,254.9,108.5,146.4
O002201,2024-02-19,P0048,C0053,12,0.094,249.3,2991.6,1150.2,1841.4
O002202,2024-05-01,P0039,C0033,13,0.092,274.07,3562.91,1909.44,1653.47
O002203,2024-06-16,P0105,C0057,6,0.109,153.67,922.02,891.36,30.66
O002204,2025-01-21,P0004,C0009,9,0.059,16.76,150.84,575.37,-424.53
O002205,2025-02-21,P0030,C0057,12,0.157,141.88,1702.56,428.76,1273.8
O002206,2024-01-19,P0030,C0027,13,0.08,154.84,2012.92,464.49,1548.43
O002207,2024-11-15,P0022,C0024,1,0.126,111.13,111.13,95.47,15.66
O002208,2024-06-05,P0075,C0013,8,0.114,229.01,1832.08,988.88,843.2
O002209,2024-06-13,P0066,C0026,13,0.021,224.45,2917.85,1227.98,1689.87
O002210,2024-11-12,P0108,C0029,6,0.112,86.67,520.02,297.6,222.42
O002211,2025-01-20,P0012,C0051,8,0.099,75.14,601.12,836.32,-235.2
O002212,2025-02-03,P0094,C0049,7,0.162,146.05,1022.35,265.93,756.42
O002213,2024-08-30,P0036,C0043,9,0.159,18.86,169.74,360.81,-191.07
O002214,2024-05-29,P0018,C0028,13,0.027,266.61,3465.93,345.28,3120.65
O002215,2024-11-26,P0090,C0028,10,0.015,25.99,259.9,108.5,151.4
O002216,2024-04-15,P0053,C0008,13,0.053,63.16,821.08,2212.34,-1391.26
O002217,2024-08-24,P0071,C0023,9,0.178,229.72,2067.48,296.28,1771.2
O002218,2024-05-30,P0001,C0029,9,0.004,64.04,576.36,584.19,-7.83
O002219,2024-10-02,P0058,C0005,15,0.121,39.24,588.6,2627.25,-2038.65
O002220,2024-04-10,P0090,C0042,10,0.11,23.49,234.9,108.5,126.4
O002221,2024-03-21,P0087,C0007,9,0.116,90.52,814.68,135.09,679.59
O002222,2025-01-20,P0090,C0042,6,0.039,25.36,152.16,65.1,87.06
O002223,2024-02-12,P0109,C0036,2,0.041,142.79,285.58,48.02,237.56
O002224,2024-07-31,P0006,C0041,7,0.078,200.42,1402.94,823.62,579.32
O002225,2024-04-02,P0070,,8,0.017,257.62,2060.96,393.6,1667.36
O002226,2024-01-17,P0044,C0058,9,0.013,294.26,2648.34,733.14,1915.2
O002227,2024-01-16,P0072,C0046,6,0.016,288.84,1733.04,553.14,1179.9
O002228,2024-03-14,P0024,C0002,9,0.103,80.21,721.89,457.92,263.97
O002229,2024-12-30,P0086,,6,0.072,167.51,1005.06,240.48,764.58
O002230,2024-04-28,P0019,C0009,7,0.053,204.14,1428.98,93.87,1335.11
O002231,2025-02-03,P0101,C0053,15,0.057,169.64,2544.6,2505.75,38.85
O002232,2024-09-01,P0018,C0027,-1,0.037,263.87,1583.22,159.36,1423.86
O002233,2024-07-02,P0095,C0001,5,0.074,231.36,1156.8,634.2,522.6
O002234,2024-08-31,P0101,C0023,13,0.037,173.23,2251.99,2171.65,80.34
O002235,2024-08-05,P0030,C0010,7,0.126,147.09,1029.63,250.11,779.52
O002236,2024-11-14,P0042,C0042,9,0.022,125.09,1125.81,242.37,883.44
O002237,2024-04-28,P0033,C0052,8,0.171,61.8,494.4,935.6,-441.2
O002238,2024-05-28,P0074,C0025,4,0.016,165.27,661.08,198.52,462.56
O002239,2025-01-10,P0101,C0054,10,0.17,149.31,1493.1,1670.5,-177.4
O002240,2025-02-01,P0012,C0003,8,0.15,70.89,567.12,836.32,-269.2
O002241,2025-01-09,P0118,C0006,8,0.123,80.09,640.72,1137.12,-496.4
O002242,2024-06-25,P0094,C0058,8,0.164,145.7,1165.6,303.92,861.68
O002243,2024-11-23,P0027,C0006,9,0.025,279.89,2519.01,426.15,2092.86
O002244,2024-07-19,P0039,C0053,10,0.032,292.18,2921.8,1468.8,1453.0
O002245,2024-07-27,P0009,C0002,9,0.045,174.15,1567.35,257.13,1310.22
O002246,2024-03-26,P0118,C0058,14,0.044,87.3,1222.2,1989.96,-767.76
O002247,2024-09-05,P0021,C0058,10,0.056,41.13,411.3,620.7,-209.4
O002248,2024-03-19,P0076,C0018,12,0.104,191.06,2292.72,1668.0,624.72
O002249,2024-05-19,P0119,C0023,11,0.005,181.6,1997.6,1302.73,694.87
O002250,2024-12-25,P0029,C0002,7,0.069,239.66,1677.62,404.88,1272.74
O002251,2024-03-27,P0033,C0012,5,0.044,71.27,356.35,584.75,-228.4
O002252,2024-01-30,P0107,C0022,9,0.109,229.46,2065.14,891.9,1173.24
O002253,2024-01-29,P0062,C0037,11,0.177,142.45,1566.95,657.25,909.7
O002254,2025-01-30,P0117,C0020,5,0.093,56.88,284.4,802.9,-518.5
O002255,2024-07-31,P0015,C0039,12,0.077,105.45,1265.4,1174.92,90.48
O002256,2024-06-20,P0002,C0024,12,0.066,269.98,3239.76,227.16,3012.6
O002257,2024-12-06,P0052,C0048,7,0.141,95.92,671.44,462.49,208.95
O002258,2024-12-17,P0103,C0020,6,0.013,233.39,1400.34,314.22,1086.12
O002259,2024-05-19,P0117,C0001,13,0.173,51.86,674.18,2087.54,-1413.36
O002260,2024-10-18,P0044,C0001,9,0.075,275.78,2482.02,733.14,1748.88
O002261,2024-11-19,P0054,C0017,11,0.056,174.47,1919.17,699.49,1219.68
O002262,2024-10-01,P0018,C0059,7,0.175,226.06,1582.42,185.92,1396.5
O002263,2024-03-04,P0003,C0001,7,0.168,166.37,1164.59,430.43,734.16
O002264,2025-01-02,P0007,C0053,11,0.116,14.62,160.82,1766.6,-1605.78
O002265,2024-08-14,P0043,C0052,-1,0.003,19.65,117.9,283.2,-165.3
O002266,2024-04-28,P0082,C0045,10,0.135,37.77,377.7,1001.5,-623.8
O002267,2024-06-27,P0108,C0030,11,0.06,91.74,1009.14,545.6,463.54
O002268,2024-01-16,P0038,C0041,14,0.07,64.19,898.66,1410.78,-512.12
O002269,2024-02-23,P0037,C0047,5,0.029,205.73,1028.65,807.6,221.05
O002270,2024-11-17,P0058,C0003,7,0.094,40.44,283.08,1226.05,-942.97
O002271,2024-01-01,P0033,C0046,10,0.134,64.56,645.6,1169.5,-523.9
O002272,2024-06-23,P0108,C0055,10,0.049,92.82,928.2,496.0,432.2
O002273,2024-08-07,P0059,C0011,10,0.169,168.34,1683.4,1735.4,-52.0
O002274,2024-01-23,P0095,C0024,7,0.035,241.11,1687.77,887.88,799.89
O002275,2025-02-12,P0011,C0022,6,0.012,211.28,1267.68,833.16,434.52
O002276,2024-04-04,P0068,C0044,11,0.116,92.42,1016.62,615.23,401.39
O002277,2024-05-07,P0082,C0045,12,0.153,36.98,443.76,1201.8,-758.04
O002278,2024-05-07,P0068,C0026,10,0.172,86.57,865.7,559.3,306.4
O002279,2024-04-06,P0113,C0013,11,0.138,232.71,2559.81,729.41,1830.4
O002280,2024-01-01,P0098,C0001,6,0.036,39.55,237.3,189.9,47.4
O002281,2024-11-02,P0093,C0024,9,0.176,44.29,398.61,1070.73,-672.12
O002282,2025-02-10,P0088,C0010,7,0.165,162.99,1140.93,767.41,373.52
O002283,2024-04-04,P0022,C0035,10,0.029,123.46,1234.6,954.7,279.9
O002284,2024-10-05,P0066,C0024,12,0.101,206.1,2473.2,1133.52,1339.68
O002285,2024-11-07,P0044,C0028,6,0.1,268.33,1609.98,488.76,1121.22
O002286,2024-12-22,P0006,C0036,12,0.08,199.98,2399.76,1411.92,987.84
O002287,2024-06-26,P0042,C0016,12,0.177,105.26,1263.12,323.16,939.96
O002288,2024-05-07,P0025,C0040,9,0.011,308.34,2775.06,707.31,2067.75
O002289,2024-05-16,P0119,C0016,6,0.113,161.89,971.34,710.58,260.76
O002290,2024-10-26,P0057,C0059,11,0.037,181.88,2000.68,775.94,1224.74
O002291,2024-12-09,P0085,C0017,7,0.095,142.09,994.63,442.19,552.44
O002292,2024-03-17,P0055,C0051,8,0.14,258.46,2067.68,777.84,1289.84
O002293,2024-06-04,P0016,C0054,6,0.044,232.0,1392.0,489.24,902.76
O002294,2025-01-13,P0095,C0015,8,0.071,232.11,1856.88,1014.72,842.16
O002295,2024-12-04,P0014,C0016,11,0.171,72.42,796.62,1022.23,-225.61
O002296,2025-02-17,P0039,C0015,13,0.137,260.49,3386.37,1909.44,1476.93
O002297,2024-11-12,P0028,C0057,9,0.103,186.13,1675.17,191.16,1484.01
O002298,2024-06-14,P0096,C0034,7,0.04,77.6,543.2,521.64,21.56
O002299,2024-09-05,P0092,C0011,11,0.077,115.25,1267.75,516.56,751.19
O002300,2024-10-04,P0051,C0001,6,0.139,236.43,1418.58,171.72,1246.86
O002301,2024-02-02,P0119,C0015,3,0.148,155.5,466.5,355.29,111.21
O002302,2024-08-16,P0049,C0026,6,0.044,100.2,601.2,478.74,122.46
O002303,2024-10-24,P0009,C0051,6,0.119,160.66,963.96,171.42,792.54
O002304,2024-03-11,P0058,C0004,13,0.017,43.88,570.44,2276.95,-1706.51
O002305,2024-11-23,P0045,C0043,16,0.004,145.02,2320.32,2379.2,-58.88
O002306,2024-09-02,P0022,C0005,10,0.099,114.56,1145.6,954.7,190.9
O002307,2025-02-03,P0032,C0035,8,0.04,158.61,1268.88,1176.0,92.88
O002308,2024-01-18,P0069,C0013,10,0.014,258.19,2581.9,1642.2,939.7
O002309,2024-04-21,P0087,C0010,12,0.131,88.99,1067.88,180.12,887.76
O002310,2024-09-09,P0069,C0011,7,0.09,238.29,1668.03,1149.54,518.49
O002311,2024-05-04,P0042,C0018,8,0.143,109.61,876.88,215.44,661.44
O002312,2024-10-27,P0053,C0034,6,0.12,58.7,352.2,1021.08,-668.88
O002313,2024-11-14,P0096,C0039,12,0.131,70.24,842.88,894.24,-51.36
O002314,2024-02-13,P0059,C0041,6,0.055,191.44,1148.64,1041.24,107.4
O002315,2024-08-03,P0074,C0042,8,0.047,160.07,1280.56,397.04,883.52
O002316,2024-08-01,P0039,C0050,10,0.108,269.24,2692.4,1468.8,1223.6
O002317,2024-06-04,P0015,C0023,8,0.036,110.14,881.12,783.28,97.84
O002318,2025-01-26,P0071,C0007,7,0.147,238.38,1668.66,230.44,1438.22
O002319,2024-12-13,P0029,C0059,11,0.094,233.22,2565.42,636.24,1929.18
O002320,2024-10-19,P0111,C0039,2,0.041,21.8,43.6,325.74,-282.14
O002321,2024-10-27,P0003,C0003,11,0.113,177.36,1950.96,676.39,1274.57
O002322,2024-07-12,P0083,C0012,9,0.17,158.85,1429.65,211.77,1217.88
O002323,2025-01-21,P0010,C0007,11,0.015,222.64,2449.04,1437.48,1011.56
O002324,2024-10-18,P0092,C0049,6,0.02,122.36,734.16,281.76,452.4
O002325,2024-11-02,P0029,C0026,10,0.152,218.29,2182.9,578.4,1604.5
O002326,2024-12-27,P0079,C0033,12,0.02,280.72,3368.64,855.12,2513.52
O002327,2024-04-25,P0035,C0037,7,0.007,99.94,699.58,1023.61,-324.03
O002328,2024-12-04,P0006,C0048,5,0.063,203.68,1018.4,588.3,430.1
O002329,2024-03-23,P0012,C0015,10,0.084,76.39,763.9,1045.4,-281.5
O002330,2024-05-25,P0111,C0002,4,0.102,20.41,81.64,651.48,-569.84
O002331,2024-05-20,P0038,C0041,2,0.091,62.74,125.48,201.54,-76.06
O002332,2025-02-14,P0077,C0007,11,0.164,191.53,2106.83,537.57,1569.26
O002333,2024-12-25,P0093,C0032,8,0.138,46.33,370.64,951.76,-581.12
O002334,2024-10-21,P0019,C0004,11,0.177,177.41,1951.51,147.51,1804.0
O002335,2024-11-01,P0067,C0020,7,0.086,113.92,797.44,117.95,679.49
O002336,2024-08-24,P0008,C0050,11,0.015,63.09,693.99,981.42,-287.43
O002337,2025-02-01,P0008,C0053,6,0.172,53.03,318.18,535.32,-217.14
O002338,2024-07-27,P0119,C0036,12,0.001,182.33,2187.96,1421.16,766.8
O002339,2024-06-08,P0084,C0032,8,0.14,22.33,178.64,1213.36,-1034.72
O002340,2024-03-09,P0047,C0028,10,0.006,307.05,3070.5,92.0,2978.5
O002341,2024-11-26,P0004,C0013,9,0.137,15.37,138.33,575.37,-437.04
O002342,2024-11-04,P0051,C0001,8,0.169,228.19,1825.52,228.96,1596.56
O002343,2024-06-10,P0085,C0060,5,0.07,146.02,730.1,315.85,414.25
O002344,2024-01-11,P0067,C0056,11,0.043,119.28,1312.08,185.35,1126.73
O002345,2024-12-18,P0045,C0035,10,0.041,139.63,1396.3,1487.0,-90.7
O002346,2024-01-05,P0008,C0048,9,0.089,58.35,525.15,802.98,-277.83
O002347,2024-10-22,P0087,C0030,11,0.031,99.23,1091.53,165.11,926.42
O002348,2025-02-11,P0016,C0054,9,0.121,213.32,1919.88,733.86,1186.02
O002349,2024-07-02,P0077,C0036,18,0.066,213.98,3851.64,879.66,2971.98
O002350,2024-04-08,P0067,C0057,15,0.058,117.41,1761.15,252.75,1508.4
O002351,2024-10-23,P0112,C0055,12,0.083,283.0,3396.0,1402.68,1993.32
O002352,2024-12-09,P0009,C0025,11,0.098,164.49,1809.39,314.27,1495.12
O002353,2024-08-17,P0060,C0016,15,0.026,308.73,4630.95,769.65,3861.3
O002354,2025-02-10,P0078,C0058,7,0.127,224.99,1574.93,932.75,642.18
O002355,2024-01-22,P0077,C0019,11,0.159,192.67,2119.37,537.57,1581.8
O002356,2024-07-31,P0117,C0001,8,0.05,59.57,476.56,1284.64,-808.08
O002357,2024-10-28,P0071,C0005,6,0.032,270.52,1623.12,197.52,1425.6
O002358,2024-12-28,P0015,C0051,5,0.137,98.6,493.0,489.55,3.45
O002359,2024-03-16,P0071,C0022,10,0.033,270.24,2702.4,329.2,2373.2
O002360,2024-12-02,P0102,C0024,3,0.007,207.95,623.85,476.7,147.15
O002361,2024-08-20,P0098,C0043,6,0.111,36.48,218.88,189.9,28.98
O002362,2024-06-15,P0041,C0045,-1,0.043,281.39,1969.73,438.9,1530.83
O002363,2024-02-25,P0022,C0052,8,0.031,123.21,985.68,763.76,221.92
O002364,2024-12-29,P0024,C0037,5,0.177,73.59,367.95,254.4,113.55
O002365,2024-03-07,P0113,C0053,6,0.053,255.66,1533.96,397.86,1136.1
O002366,2024-05-10,P0101,C0036,9,0.163,150.57,1355.13,1503.45,-148.32
O002367,2024-05-01,P0044,C0036,5,0.032,288.6,1443.0,407.3,1035.7
O002368,2024-12-31,P0001,C0004,6,0.147,54.85,329.1,389.46,-60.36
O002369,2024-10-09,P0010,C0036,8,0.09,205.69,1645.52,1045.44,600.08
O002370,2024-11-30,P0107,C0052,12,0.014,253.92,3047.04,1189.2,1857.84
O002371,2024-04-15,P0080,C0053,12,0.132,102.5,1230.0,1401.12,-171.12
O002372,2024-09-19,P0110,C0018,4,0.161,32.66,130.64,649.28,-518.64
O002373,2024-08-28,P0072,C0050,11,0.029,285.03,3135.33,1014.09,2121.24
O002374,2024-12-15,P0056,C0016,9,0.131,197.52,1777.68,1160.28,617.4
O002375,2025-01-15,P0113,C0041,10,0.08,248.37,2483.7,663.1,1820.6
O002376,2024-01-06,P0089,C0018,9,0.136,21.0,189.0,1120.86,-931.86
O002377,2024-10-10,P0050,C0022,5,0.129,115.36,576.8,231.0,345.8
O002378,2024-01-22,P0012,C0002,6,0.005,82.98,497.88,627.24,-129.36
O002379,2024-08-18,P0089,C0021,9,0.032,23.52,211.68,1120.86,-909.18
O002380,2024-04-30,P0081,C0036,9,0.085,118.54,1066.86,1052.73,14.13
O002381,2024-05-08,P0060,C0044,11,0.168,263.72,2900.92,564.41,2336.51
O002382,2024-05-28,P0026,C0039,8,0.062,126.53,1012.24,1103.6,-91.36
O002383,2024-09-17,P0110,C0047,7,0.113,34.53,241.71,1136.24,-894.53
O002384,2024-05-20,P0112,C0039,6,0.002,307.99,1847.94,701.34,1146.6
O002385,2024-11-03,P0078,C0029,10,0.128,224.73,2247.3,1332.5,914.8
O002386,2024-06-18,P0041,C0054,9,0.109,261.98,2357.82,564.3,1793.52
O002387,2024-01-29,P0036,C0026,14,0.129,19.53,273.42,561.26,-287.84
O002388,2024-11-25,P0023,C0021,8,0.163,80.26,642.08,1312.8,-670.72
O002389,2024-04-30,P0043,C0017,9,0.026,19.2,172.8,424.8,-252.0
O002390,2024-06-30,P0006,C0016,9,0.047,207.15,1864.35,1058.94,805.41
O002391,2024-10-14,P0111,C0060,7,0.179,18.66,130.62,1140.09,-1009.47
O002392,2024-05-19,P0069,C0031,13,0.028,254.53,3308.89,2134.86,1174.03
O002393,2024-01-24,P0043,C0051,10,0.13,17.15,171.5,472.0,-300.5
O002394,2024-06-06,P0025,C0009,10,0.131,270.93,2709.3,785.9,1923.4
O002395,2025-01-31,P0018,C0031,8,0.123,240.31,1922.48,212.48,1710.0
O002396,2024-09-26,P0062,C0014,11,0.041,165.99,1825.89,657.25,1168.64
O002397,2024-10-09,P0013,C0049,11,0.039,223.15,2454.65,1546.71,907.94
O002398,2024-09-22,P0043,C0037,9,0.12,17.34,156.06,424.8,-268.74
O002399,2024-03-24,P0078,C0002,-1,0.034,248.96,1742.72,932.75,809.97
O002400,2024-06-24,P0028,C0052,11,0.119,182.81,2010.91,233.64,1777.27
O002401,2024-11-11,P0018,C0048,8,0.089,249.62,1996.96,212.48,1784.48
O002402,2024-02-12,P0059,C0046,16,0.07,188.4,3014.4,2776.64,237.76
O002403,2024-04-26,P0060,C0014,6,0.054,299.85,1799.1,307.86,1491.24
O002404,2024-04-26,P0063,C0059,11,0.171,234.28,2577.08,626.89,1950.19
O002405,2024-06-30,P0057,C0033,6,0.091,171.68,1030.08,423.24,606.84
O002406,2025-02-15,P0092,C0035,8,0.101,112.25,898.0,375.68,522.32
O002407,2024-01-29,P0051,C0058,4,0.171,227.64,910.56,114.48,796.08
O002408,2024-08-05,P0056,C0039,7,0.118,200.47,1403.29,902.44,500.85
O002409,2024-03-16,P0027,C0058,9,0.172,237.69,2139.21,426.15,1713.06
O002410,2025-02-11,P0032,C0047,6,0.019,162.08,972.48,882.0,90.48
O002411,2024-02-17,P0111,C0051,5,0.152,19.28,96.4,814.35,-717.95
O002412,2024-06-18,P0009,C0020,9,0.06,171.42,1542.78,257.13,1285.65
O002413,2024-11-05,P0104,C0002,9,0.146,266.99,2402.91,1093.68,1309.23
O002414,2024-10-22,P0096,C0051,6,0.154,68.38,410.28,447.12,-36.84
O002415,2024-06-26,P0084,C0041,8,0.049,24.69,197.52,1213.36,-1015.84
O002416,2024-05-25,P0092,C0019,9,0.074,115.62,1040.58,422.64,617.94
O002417,2024-06-15,P0097,C0059,11,0.131,178.13,1959.43,1860.32,99.11
O002418,2024-04-20,P0068,C0037,8,0.018,102.67,821.36,447.44,373.92
O002419,2024-03-27,P0046,C0018,8,0.136,267.69,2141.52,1248.4,893.12
O002420,2024-07-21,P0098,C0016,3,0.02,40.21,120.63,94.95,25.68
O002421,2024-04-22,P0112,C0004,9,0.165,257.69,2319.21,1052.01,1267.2
O002422,2024-04-30,P0067,C0012,9,0.05,118.41,1065.69,151.65,914.04
O002423,2024-10-02,P0026,C0029,9,0.104,120.86,1087.74,1241.55,-153.81
O002424,2025-02-10,P0008,C0007,8,0.021,62.7,501.6,713.76,-212.16
O002425,2024-09-10,P0006,C0014,5,0.049,206.72,1033.6,588.3,445.3
O002426,2024-02-02,P0080,C0055,8,0.073,109.47,875.76,934.08,-58.32
O002427,2024-02-01,P0024,C0012,10,0.088,81.55,815.5,508.8,306.7
O002428,2025-02-03,P0048,C0035,14,0.0,275.17,3852.38,1341.9,2510.48
O002429,2024-05-04,P0103,C0005,7,0.16,198.63,1390.41,366.59,1023.82
O002430,2024-02-08,P0094,C0017,9,0.001,174.11,1566.99,341.91,1225.08
O002431,2024-09-08,P0045,C0058,11,0.139,125.36,1378.96,1635.7,-256.74
O002432,2024-09-18,P0013,C0042,4,0.085,212.47,849.88,562.44,287.44
O002433,2024-09-29,P0069,C0032,8,0.094,237.25,1898.0,1313.76,584.24
O002434,2024-04-22,P0025,C0010,8,0.037,300.23,2401.84,628.72,1773.12
O002435,2024-01-07,P0020,C0043,15,0.109,167.8,2517.0,1761.9,755.1
O002436,2025-02-09,P0118,C0017,8,0.097,82.46,659.68,1137.12,-477.44
O002437,2024-04-15,P0082,C0005,14,0.03,42.35,592.9,1402.1,-809.2
O002438,2024-10-10,P0111,C0045,5,0.043,21.75,108.75,814.35,-705.6
O002439,2024-10-23,P0082,C0042,6,0.012,43.14,258.84,600.9,-342.06
O002440,2024-09-13,P0066,C0009,10,0.012,226.51,2265.1,944.6,1320.5
O002441,2024-05-11,P0074,C0049,14,0.002,167.62,2346.68,694.82,1651.86
O002442,2024-04-23,P0119,C0033,11,0.04,175.21,1927.31,1302.73,624.58
O002443,2024-09-08,P0045,C0036,9,0.122,127.84,1150.56,1338.3,-187.74
O002444,2024-12-29,P0114,C0036,8,0.057,214.32,1714.56,544.48,1170.08
O002445,2025-02-01,P0047,C0018,6,0.062,289.75,1738.5,55.2,1683.3
O002446,2024-02-14,P0063,C0009,9,0.024,275.82,2482.38,512.91,1969.47
O002447,2024-03-06,P0076,C0057,8,0.104,191.06,1528.48,1112.0,416.48
O002448,2025-01-31,P0111,,14,0.062,21.32,298.48,2280.18,-1981.7
O002449,2024-11-05,P0077,C0050,11,0.122,201.15,2212.65,537.57,1675.08
O002450,2025-01-05,P0114,C0014,6,0.133,197.04,1182.24,408.36,773.88
O002451,2024-03-26,P0111,C0025,11,0.105,20.34,223.74,1791.57,-1567.83
O002452,2024-09-03,P0055,C0015,14,0.05,285.5,3997.0,1361.22,2635.78
O002453,2024-10-21,P0075,C0006,8,0.092,234.7,1877.6,988.88,888.72
O002454,2024-10-12,P0019,C0056,9,0.045,205.87,1852.83,120.69,1732.14
O002455,2024-06-20,P0035,C0042,5,0.163,84.24,421.2,731.15,-309.95
O002456,2024-01-07,P0103,C0029,10,0.138,203.83,2038.3,523.7,1514.6
O002457,2024-09-01,P0053,C0015,7,0.089,60.76,425.32,1191.26,-765.94
O002458,2024-04-16,P0026,C0029,11,0.174,111.42,1225.62,1517.45,-291.83
O002459,2024-07-08,P0110,C0004,8,0.098,35.11,280.88,1298.56,-1017.68
O002460,2025-02-06,P0014,C0018,9,0.059,82.21,739.89,836.37,-96.48
O002461,2024-06-16,P0118,C0050,7,0.017,89.77,628.39,994.98,-366.59
O002462,2024-12-18,P0045,C0057,9,0.098,131.33,1181.97,1338.3,-156.33
O002463,2024-03-20,P0044,C0049,14,0.155,251.93,3527.02,1140.44,2386.58
O002464,2024-10-09,P0088,C0044,5,0.156,164.75,823.75,548.15,275.6
O002465,2025-02-14,P0105,C0039,9,0.109,153.67,1383.03,1337.04,45.99
O002466,2024-02-12,P0065,C0016,3,0.071,211.43,634.29,338.55,295.74
O002467,2024-01-04,P0051,C0011,8,0.117,242.47,1939.76,228.96,1710.8
O002468,2024-07-01,P0043,C0014,8,0.137,17.01,136.08,377.6,-241.52
O002469,2024-02-08,P0119,C0003,9,0.074,169.0,1521.0,1065.87,455.13
O002470,2024-11-10,P0086,C0051,9,0.086,164.99,1484.91,360.72,1124.19
O002471,2025-01-19,P0023,C0050,5,0.123,84.1,420.5,820.5,-400.0
O002472,2024-07-01,P0056,C0042,11,0.158,191.38,2105.18,1418.12,687.06
O002473,2024-04-18,P0118,C0038,11,0.142,78.35,861.85,1563.54,-701.69
O002474,2024-07-01,P0019,C0045,6,0.004,214.71,1288.26,80.46,1207.8
O002475,2024-10-30,P0082,C0042,6,0.022,42.7,256.2,600.9,-344.7
O002476,2024-01-04,P0076,C0018,5,0.154,180.4,902.0,695.0,207.0
O002477,2024-09-04,P0055,C0058,7,0.15,255.45,1788.15,680.61,1107.54
O002478,2024-09-14,P0092,C0020,8,0.07,116.12,928.96,375.68,553.28
O002479,2024-09-24,P0092,C0058,8,0.105,111.75,894.0,375.68,518.32
O002480,2024-04-11,P0060,C0048,9,0.163,265.3,2387.7,461.79,1925.91
O002481,2024-10-26,P0059,C0025,8,0.164,169.36,1354.88,1388.32,-33.44
O002482,2024-02-08,P0033,C0057,7,0.141,64.04,448.28,818.65,-370.37
O002483,2024-03-24,P0019,C0038,10,0.038,207.38,2073.8,134.1,1939.7
O002484,2025-01-03,P0028,C0013,9,0.131,180.32,1622.88,191.16,1431.72
O002485,2024-11-06,P0052,C0004,11,0.018,109.65,1206.15,726.77,479.38
O002486,2024-01-06,P0049,C0055,8,0.161,87.94,703.52,638.32,65.2
O002487,2024-04-14,P0037,C0014,7,0.027,206.15,1443.05,1130.64,312.41
O002488,2024-03-31,P0026,C0033,13,0.119,118.84,1544.92,1793.35,-248.43
O002489,2024-04-23,P0099,C0028,10,0.11,27.38,273.8,666.6,-392.8
O002490,2024-04-13,P0098,C0052,7,0.14,35.29,247.03,221.55,25.48
O002491,2024-01-27,P0099,C0037,8,0.099,27.71,221.68,533.28,-311.6
O002492,2024-07-11,P0040,C0008,9,0.011,302.58,2723.22,1459.17,1264.05
O002493,2024-11-03,P0080,C0044,7,0.127,103.09,721.63,817.32,-95.69
O002494,2024-09-11,P0038,C0034,7,0.069,64.26,449.82,705.39,-255.57
O002495,2024-10-09,P0077,C0044,14,0.058,215.81,3021.34,684.18,2337.16
O002496,2024-02-04,P0087,C0005,6,0.179,84.07,504.42,90.06,414.36
O002497,2025-02-03,P0054,C0054,7,0.106,165.23,1156.61,445.13,711.48
O002498,2024-12-18,P0022,C0005,7,0.128,110.87,776.09,668.29,107.8
O002499,2024-12-04,P0016,C0031,9,0.095,219.63,1976.67,733.86,1242.81
O002500,2024-12-11,P0028,C0045,9,0.139,178.66,1607.94,191.16,1416.78
