product_id,order_month,monthly_units,monthly_revenue,avg_unit_price,avg_discount,gross_margin,category,supplier_id,margin_rate,lag_1_units,rolling_3mo_units,forecast_ready_flag
P0001,2024-01,28,1579.6399999999999,56.35,0.12366666666666666,-237.83999999999997,Fasteners,S008,-0.009,,28.0,0
P0001,2024-02,17,1005.46,58.22,0.0945,-98.01,Fasteners,S008,-0.009,28.0,22.5,1
P0001,2024-03,11,628.1,57.1,0.112,-85.91,Fasteners,S008,-0.009,17.0,18.666666666666668,1
P0001,2024-04,14,849.8,60.7,0.055999999999999994,-58.94,Fasteners,S008,-0.009,11.0,14.0,1
P0001,2024-05,19,1188.46,62.625,0.026000000000000002,-44.83,Fasteners,S008,-0.009,14.0,14.666666666666666,1
P0001,2024-07,6,321.78,53.63,0.166,-67.68,Fasteners,S008,-0.009,19.0,13.0,1
P0001,2024-08,12,738.48,61.54,0.043,-40.44,Fasteners,S008,-0.009,6.0,12.333333333333334,1
P0001,2024-09,18,1080.9899999999998,60.05500000000001,0.066,-87.39,Fasteners,S008,-0.009,12.0,12.0,1
P0001,2024-11,21,1211.1599999999999,57.835,0.1005,-151.95,Fasteners,S008,-0.009,18.0,17.0,1
P0001,2024-12,6,329.1,54.85,0.147,-60.36,Fasteners,S008,-0.009,21.0,15.0,1
P0001,2025-02,13,774.02,59.54,0.074,-69.81,Fasteners,S008,-0.009,6.0,13.333333333333334,1
P0002,2024-01,11,3004.76,273.16,0.055,2796.53,Electrical,S013,0.935,,11.0,0
P0002,2024-02,6,1696.2,282.7,0.022,1582.62,Electrical,S013,0.935,11.0,8.5,1
P0002,2024-03,23,6128.4,267.96,0.07300000000000001,5693.01,Electrical,S013,0.935,6.0,13.333333333333334,1
P0002,2024-04,13,3348.15,257.55,0.109,3102.06,Electrical,S013,0.935,23.0,14.0,1
P0002,2024-05,7,1792.77,256.11,0.114,1660.26,Electrical,S013,0.935,13.0,14.333333333333334,1
P0002,2024-06,22,5896.26,267.815,0.07350000000000001,5479.799999999999,Electrical,S013,0.935,7.0,14.0,1
P0002,2024-08,15,3776.55,251.77,0.129,3492.6,Electrical,S013,0.935,22.0,14.666666666666666,1
P0002,2024-09,22,5659.84,257.40999999999997,0.1095,5243.379999999999,Electrical,S013,0.935,15.0,19.666666666666668,1
P0002,2024-11,18,4770.12,267.815,0.0735,4429.38,Electrical,S013,0.935,22.0,18.333333333333332,1
P0002,2024-12,22,5432.08,246.86,0.146,5015.62,Electrical,S013,0.935,18.0,20.666666666666668,1
P0002,2025-01,9,2284.11,253.79,0.122,2113.74,Electrical,S013,0.935,22.0,16.333333333333332,1
P0003,2024-01,4,718.24,179.56,0.102,472.28,Safety,S001,0.692,,4.0,0
P0003,2024-02,15,2729.4,181.96,0.09,1807.05,Safety,S001,0.692,4.0,9.5,1
P0003,2024-03,23,3851.2599999999998,168.9,0.15533333333333332,2436.99,Safety,S001,0.692,15.0,14.0,1
P0003,2024-04,11,1915.87,174.17,0.129,1239.48,Safety,S001,0.692,23.0,16.333333333333332,1
P0003,2024-05,8,1364.56,170.57,0.147,872.64,Safety,S001,0.692,11.0,14.0,1
P0003,2024-06,8,1486.08,185.76,0.071,994.16,Safety,S001,0.692,8.0,9.0,1
P0003,2024-07,15,2764.8,182.95999999999998,0.08499999999999999,1842.45,Safety,S001,0.692,8.0,10.333333333333334,1
P0003,2024-08,8,1529.28,191.16,0.044,1037.36,Safety,S001,0.692,15.0,10.333333333333334,1
P0003,2024-09,9,1725.84,191.76,0.041,1172.43,Safety,S001,0.692,8.0,10.666666666666666,1
P0003,2024-10,34,5860.07,172.16666666666666,0.139,3769.41,Safety,S001,0.692,9.0,17.0,1
P0003,2024-12,7,1328.32,189.76,0.051,897.89,Safety,S001,0.692,34.0,16.666666666666668,1
P0004,2024-01,16,249.42,15.594999999999999,0.1245,-773.46,,S016,-2.59,,16.0,0
P0004,2024-02,20,334.98,16.799999999999997,0.0565,-943.62,,S016,-2.59,16.0,18.0,1
P0004,2024-03,41,657.1800000000001,15.972,0.1032,-1963.95,,S016,-2.59,20.0,25.666666666666668,1
P0004,2024-04,20,339.72,16.92,0.049999999999999996,-938.88,,S016,-2.59,41.0,27.0,1
P0004,2024-05,5,74.35,14.87,0.165,-245.3,,S016,-2.59,20.0,22.0,1
P0004,2024-06,15,240.35,16.134999999999998,0.094,-718.6,,S016,-2.59,5.0,13.333333333333334,1
P0004,2024-07,9,132.21,14.69,0.175,-443.16,,S016,-2.59,15.0,9.666666666666666,1
P0004,2024-08,28,443.11,15.746666666666664,0.11566666666666665,-1346.9299999999998,,S016,-2.59,9.0,17.333333333333332,1
P0004,2024-09,8,125.36,15.67,0.12,-386.08,,S016,-2.59,28.0,15.0,1
P0004,2024-10,6,99.36,16.56,0.07,-284.22,,S016,-2.59,8.0,14.0,1
P0004,2024-11,19,291.83000000000004,15.36,0.1375,-922.84,,S016,-2.59,6.0,11.0,1
P0004,2024-12,20,329.53,16.505,0.073,-949.0699999999999,,S016,-2.59,19.0,15.0,1
P0004,2025-01,9,150.84,16.76,0.059,-424.53,,S016,-2.59,20.0,16.0,1
P0004,2025-02,9,142.47,15.83,0.111,-432.9,,S016,-2.59,9.0,12.666666666666666,1
P0005,2024-01,7,300.72,42.96,0.065,-633.71,Electrical,S007,-1.905,,7.0,0
P0005,2024-02,7,271.18,38.74,0.157,-663.25,Electrical,S007,-1.905,7.0,7.0,1
P0005,2024-03,14,613.0799999999999,43.26,0.0585,-1255.78,Electrical,S007,-1.905,7.0,9.333333333333334,1
P0005,2024-05,15,643.8,42.92,0.066,-1358.55,Electrical,S007,-1.905,14.0,12.0,1
P0005,2024-07,9,399.51,44.39,0.034,-801.9,Electrical,S007,-1.905,15.0,12.666666666666666,1
P0005,2024-08,11,414.92,37.72,0.179,-1053.47,Electrical,S007,-1.905,9.0,11.666666666666666,1
P0005,2024-10,5,201.7,40.34,0.122,-465.75,Electrical,S007,-1.905,11.0,8.333333333333334,1
P0005,2024-11,21,858.6,40.715,0.114,-1944.69,Electrical,S007,-1.905,5.0,12.333333333333334,1
P0005,2024-12,4,151.28,37.82,0.177,-382.68,Electrical,S007,-1.905,21.0,10.0,1
P0005,2025-01,20,842.4200000000001,42.94,0.0655,-1827.38,Electrical,S007,-1.905,4.0,15.0,1
P0005,2025-02,9,359.37,39.93,0.131,-842.04,Electrical,S007,-1.905,20.0,11.0,1
P0006,2024-02,16,3271.02,204.765,0.057999999999999996,1388.46,Tools,S005,0.459,,16.0,0
P0006,2024-03,5,1022.75,204.55,0.059,434.45,Tools,S005,0.459,16.0,10.5,1
P0006,2024-04,18,3729.8599999999997,208.35000000000002,0.0415,1611.98,Tools,S005,0.459,5.0,13.0,1
P0006,2024-06,16,3372.22,211.28,0.028,1489.6599999999999,Tools,S005,0.459,18.0,13.0,1
P0006,2024-07,22,4451.54,201.82999999999998,0.07150000000000001,1863.02,Tools,S005,0.459,16.0,18.666666666666668,1
P0006,2024-08,33,6315.549999999999,192.8575,0.11275,2432.77,Tools,S005,0.459,22.0,23.666666666666668,1
P0006,2024-09,14,2759.08,199.22,0.08349999999999999,1111.84,Tools,S005,0.459,33.0,23.0,1
P0006,2024-11,14,2726.7,194.32999999999998,0.10600000000000001,1079.46,Tools,S005,0.459,14.0,20.333333333333332,1
P0006,2024-12,41,8144.200000000001,199.372,0.08280000000000001,3320.1400000000003,Tools,S005,0.459,14.0,23.0,1
P0006,2025-02,10,2021.5,202.15,0.07,844.9,Tools,S005,0.459,41.0,21.666666666666668,1
P0007,2024-02,5,73.35,14.67,0.113,-729.65,Safety,S003,-8.71,,5.0,0
P0007,2024-03,10,136.6,13.66,0.174,-1469.4,Safety,S003,-8.71,5.0,7.5,1
P0007,2024-05,11,161.04,14.64,0.115,-1605.56,Safety,S003,-8.71,10.0,8.666666666666666,1
P0007,2024-07,10,147.4,14.74,0.109,-1458.6,Safety,S003,-8.71,11.0,10.333333333333334,1
P0007,2024-09,22,321.66,14.666666666666666,0.11333333333333333,-3211.54,Safety,S003,-8.71,10.0,14.333333333333334,1
P0007,2024-11,21,322.87,15.57,0.058499999999999996,-3049.73,Safety,S003,-8.71,22.0,17.666666666666668,1
P0007,2024-12,21,338.59,16.005,0.0325,-3034.0099999999998,Safety,S003,-8.71,21.0,21.333333333333332,1
P0007,2025-01,20,306.71,15.415,0.068,-2905.29,Safety,S003,-8.71,21.0,20.666666666666668,1
P0008,2024-01,17,1034.99,61.04,0.047,-481.75,Safety,S012,-0.393,,17.0,0
P0008,2024-02,9,517.68,57.52,0.102,-285.3,Safety,S012,-0.393,17.0,13.0,1
P0008,2024-03,21,1309.83,62.51,0.024,-563.79,Safety,S012,-0.393,9.0,15.666666666666666,1
P0008,2024-04,10,570.7,57.07,0.109,-321.5,Safety,S012,-0.393,21.0,13.333333333333334,1
P0008,2024-05,21,1143.08,54.63333333333333,0.147,-730.54,Safety,S012,-0.393,10.0,17.333333333333332,1
P0008,2024-06,7,444.78,63.54,0.008,-179.76,Safety,S012,-0.393,21.0,12.666666666666666,1
P0008,2024-08,23,1409.55,61.36,0.042,-642.51,Safety,S012,-0.393,7.0,17.0,1
P0008,2024-09,8,501.12,62.64,0.022,-212.64,Safety,S012,-0.393,23.0,12.666666666666666,1
P0008,2024-10,30,1734.83,58.52,0.08633333333333333,-941.77,Safety,S012,-0.393,8.0,20.333333333333332,1
P0008,2025-01,21,1184.37,56.01,0.1255,-689.25,Safety,S012,-0.393,30.0,19.666666666666668,1
P0008,2025-02,21,1240.3400000000001,58.60333333333333,0.085,-633.28,Safety,S012,-0.393,21.0,24.0,1
P0009,2024-01,12,1794.48,149.54,0.18,1451.64,Safety,S016,0.843,,12.0,0
P0009,2024-02,31,5010.38,160.11333333333334,0.122,4124.71,Safety,S016,0.843,12.0,21.5,1
P0009,2024-06,19,3304.38,173.79,0.047,2761.55,Safety,S016,0.843,31.0,20.666666666666668,1
P0009,2024-07,9,1567.35,174.15,0.045,1310.22,Safety,S016,0.843,19.0,19.666666666666668,1
P0009,2024-08,18,2828.8,156.74,0.1405,2314.54,Safety,S016,0.843,9.0,15.333333333333334,1
P0009,2024-09,10,1641.2,164.12,0.1,1355.5,Safety,S016,0.843,18.0,12.333333333333334,1
P0009,2024-10,33,5395.88,162.97,0.10633333333333334,4453.07,Safety,S016,0.843,10.0,20.333333333333332,1
P0009,2024-12,29,4678.23,161.08333333333334,0.11666666666666668,3849.7,Safety,S016,0.843,33.0,24.0,1
P0009,2025-01,8,1242.96,155.37,0.148,1014.4,Safety,S016,0.843,29.0,23.333333333333332,1
P0009,2025-02,7,1231.86,175.98,0.035,1031.87,Safety,S016,0.843,8.0,14.666666666666666,1
P0010,2024-03,18,3588.4300000000003,198.905,0.12,1236.19,Electrical,S019,0.422,,18.0,0
P0010,2024-05,13,2468.31,189.87,0.16,769.47,Electrical,S019,0.422,18.0,15.5,1
P0010,2024-07,22,4378.4400000000005,199.01999999999998,0.1195,1503.48,Electrical,S019,0.422,13.0,17.666666666666668,1
P0010,2024-09,9,1737.27,193.03,0.146,561.15,Electrical,S019,0.422,22.0,14.666666666666666,1
P0010,2024-10,31,6549.39,210.96,0.06666666666666667,2498.31,Electrical,S019,0.422,9.0,20.666666666666668,1
P0010,2024-11,28,5528.43,195.96666666666667,0.133,1869.39,Electrical,S019,0.422,31.0,22.666666666666668,1
P0010,2024-12,16,3476.1800000000003,218.01,0.0355,1385.3,Electrical,S019,0.422,28.0,25.0,1
P0010,2025-01,21,4467.4400000000005,212.24,0.061,1723.1599999999999,Electrical,S019,0.422,16.0,21.666666666666668,1
P0010,2025-02,10,2084.0,208.4,0.078,777.2,Electrical,S019,0.422,21.0,15.666666666666666,1
P0011,2024-01,14,2857.6800000000003,204.12,0.045500000000000006,913.6400000000001,Fasteners,S005,0.351,,14.0,0
P0011,2024-03,8,1666.32,208.29,0.026,555.44,Fasteners,S005,0.351,14.0,11.0,1
P0011,2024-04,11,2298.23,208.93,0.023,770.77,Fasteners,S005,0.351,8.0,11.0,1
P0011,2024-05,44,8514.880000000001,191.60999999999999,0.10400000000000001,2405.04,Fasteners,S005,0.351,11.0,21.0,1
P0011,2024-06,16,3157.76,194.5,0.0905,936.0,Fasteners,S005,0.351,44.0,23.666666666666668,1
P0011,2024-07,25,4840.27,193.32,0.096,1368.77,Fasteners,S005,0.351,16.0,28.333333333333332,1
P0011,2024-09,36,6829.530000000001,191.04,0.10666666666666667,1830.5700000000002,Fasteners,S005,0.351,25.0,25.666666666666668,1
P0011,2024-10,19,3933.19,207.01,0.032,1294.85,Fasteners,S005,0.351,36.0,26.666666666666668,1
P0011,2025-01,20,3687.68,185.945,0.1305,910.48,Fasteners,S005,0.351,19.0,25.0,1
P0011,2025-02,13,2561.07,198.025,0.07400000000000001,755.89,Fasteners,S005,0.351,20.0,17.333333333333332,1
P0012,2024-01,31,2427.78,79.31333333333333,0.048999999999999995,-812.96,Safety,S014,-0.253,,31.0,0
P0012,2024-02,14,1073.8400000000001,76.31,0.08499999999999999,-389.72,Safety,S014,-0.253,31.0,22.5,1
P0012,2024-03,10,763.9,76.39,0.084,-281.5,Safety,S014,-0.253,14.0,18.333333333333332,1
P0012,2024-05,30,2385.2,78.81333333333333,0.055,-751.0,Safety,S014,-0.253,10.0,18.0,1
P0012,2024-07,27,2174.44,80.42666666666666,0.035666666666666666,-648.14,Safety,S014,-0.253,30.0,22.333333333333332,1
P0012,2024-08,9,683.01,75.89,0.09,-257.85,Safety,S014,-0.253,27.0,22.0,1
P0012,2024-09,5,374.05,74.81,0.103,-148.65,Safety,S014,-0.253,9.0,13.666666666666666,1
P0012,2024-10,14,1064.84,76.06,0.088,-398.72,Safety,S014,-0.253,5.0,9.333333333333334,1
P0012,2025-01,8,601.12,75.14,0.099,-235.2,Safety,S014,-0.253,14.0,9.0,1
P0012,2025-02,23,1656.44,71.92,0.1376666666666667,-747.98,Safety,S014,-0.253,8.0,15.0,1
P0013,2024-01,33,7125.549999999999,216.57333333333335,0.06733333333333334,2485.42,Maintenance,S005,0.394,,33.0,0
P0013,2024-03,21,4388.9400000000005,208.87,0.1005,1436.13,Maintenance,S005,0.394,33.0,27.0,1
P0013,2024-04,9,2064.78,229.42,0.012,799.29,Maintenance,S005,0.394,21.0,21.0,1
P0013,2024-05,44,9083.6,208.06,0.10400000000000001,2896.7599999999998,Maintenance,S005,0.394,9.0,24.666666666666668,1
P0013,2024-06,25,5654.35,226.48333333333335,0.02466666666666667,2139.1,Maintenance,S005,0.394,44.0,26.0,1
P0013,2024-07,18,3589.06,200.63,0.136,1058.08,Maintenance,S005,0.394,25.0,29.0,1
P0013,2024-08,12,2502.24,208.52,0.102,814.92,Maintenance,S005,0.394,18.0,18.333333333333332,1
P0013,2024-09,14,2921.1800000000003,209.8,0.0965,952.6400000000001,Maintenance,S005,0.394,12.0,14.666666666666666,1
P0013,2024-10,57,11892.630000000001,208.91166666666666,0.10033333333333333,3877.86,Maintenance,S005,0.394,14.0,27.666666666666668,1
P0013,2024-11,6,1387.68,231.28,0.004,544.02,Maintenance,S005,0.394,57.0,25.666666666666668,1
P0013,2024-12,16,3297.86,207.015,0.1085,1048.1,Maintenance,S005,0.394,6.0,26.333333333333332,1
P0014,2024-01,15,1236.96,82.595,0.0545,-156.99,Electrical,S015,-0.064,,15.0,0
P0014,2024-02,18,1431.48,80.59,0.0775,-241.26000000000002,Electrical,S015,-0.064,15.0,16.5,1
P0014,2024-03,10,722.5,72.25,0.173,-206.8,Electrical,S015,-0.064,18.0,14.333333333333334,1
P0014,2024-05,8,694.72,86.84,0.006,-48.72,Electrical,S015,-0.064,10.0,12.0,1
P0014,2024-07,16,1224.08,78.1,0.106,-262.8,Electrical,S015,-0.064,8.0,11.333333333333334,1
P0014,2024-11,8,635.28,79.41,0.091,-108.16,Electrical,S015,-0.064,16.0,10.666666666666666,1
P0014,2024-12,11,796.62,72.42,0.171,-225.61,Electrical,S015,-0.064,8.0,11.666666666666666,1
P0014,2025-01,22,1782.69,80.285,0.081,-261.77,Electrical,S015,-0.064,11.0,13.666666666666666,1
P0014,2025-02,20,1588.4299999999998,79.675,0.088,-270.17,Electrical,S015,-0.064,22.0,17.666666666666668,1
P0015,2024-01,16,1720.1599999999999,107.50999999999999,0.059000000000000004,153.6,Tools,S017,0.143,,16.0,0
P0015,2024-02,11,1210.22,110.02,0.037,133.21,Tools,S017,0.143,16.0,13.5,1
P0015,2024-04,10,957.4,95.74,0.162,-21.7,Tools,S017,0.143,11.0,12.333333333333334,1
P0015,2024-05,19,1955.96,103.225,0.0965,95.67,Tools,S017,0.143,10.0,13.333333333333334,1
P0015,2024-06,8,881.12,110.14,0.036,97.84,Tools,S017,0.143,19.0,12.333333333333334,1
P0015,2024-07,28,2851.38,101.68,0.10999999999999999,109.9,Tools,S017,0.143,8.0,18.333333333333332,1
P0015,2024-08,8,813.44,101.68,0.11,30.16,Tools,S017,0.143,28.0,14.666666666666666,1
P0015,2024-09,24,2391.29,99.285,0.131,41.449999999999996,Tools,S017,0.143,8.0,20.0,1
P0015,2024-10,9,896.67,99.63,0.128,15.48,Tools,S017,0.143,24.0,13.666666666666666,1
P0015,2024-11,33,3641.6499999999996,110.25,0.034999999999999996,410.62,Tools,S017,0.143,9.0,22.0,1
P0015,2024-12,18,1914.0500000000002,105.07333333333334,0.08033333333333333,151.67000000000002,Tools,S017,0.143,33.0,20.0,1
P0015,2025-01,9,913.05,101.45,0.112,31.86,Tools,S017,0.143,18.0,20.0,1
P0015,2025-02,12,1142.04,95.17,0.167,-32.88,Tools,S017,0.143,9.0,13.0,1
P0016,2024-01,19,4348.09,227.755,0.0615,2798.83,Fasteners,S014,0.664,,19.0,0
P0016,2024-02,37,7757.27,211.6775,0.12775,4740.29,Fasteners,S014,0.664,19.0,28.0,1
P0016,2024-03,10,2349.1,234.91,0.032,1533.7,Fasteners,S014,0.664,37.0,22.0,1
P0016,2024-04,8,1900.64,237.58,0.021,1248.32,Fasteners,S014,0.664,10.0,18.333333333333332,1
P0016,2024-06,14,3160.6400000000003,226.54000000000002,0.0665,2019.08,Fasteners,S014,0.664,8.0,10.666666666666666,1
P0016,2024-08,14,3344.12,238.675,0.0165,2202.56,Fasteners,S014,0.664,14.0,12.0,1
P0016,2024-09,15,3248.5200000000004,219.505,0.0955,2025.42,Fasteners,S014,0.664,14.0,14.333333333333334,1
P0016,2024-10,30,6606.280000000001,221.40666666666667,0.08766666666666667,4160.08,Fasteners,S014,0.664,15.0,19.666666666666668,1
P0016,2024-12,27,6017.31,222.86333333333334,0.08166666666666667,3815.73,Fasteners,S014,0.664,30.0,24.0,1
P0016,2025-01,10,2329.7,232.97,0.04,1514.3,Fasteners,S014,0.664,27.0,22.333333333333332,1
P0016,2025-02,9,1919.88,213.32,0.121,1186.02,Fasteners,S014,0.664,10.0,15.333333333333334,1
P0017,2024-02,21,4300.47,204.825,0.039,4040.7,Maintenance,S020,0.942,,21.0,0
P0017,2024-03,7,1233.89,176.27,0.173,1147.3,Maintenance,S020,0.942,21.0,14.0,1
P0017,2024-04,32,6114.08,191.54,0.10133333333333334,5718.24,Maintenance,S020,0.942,7.0,20.0,1
P0017,2024-05,7,1341.27,191.61,0.101,1254.68,Maintenance,S020,0.942,32.0,15.333333333333334,1
P0017,2024-06,14,2739.24,195.66,0.082,2566.06,Maintenance,S020,0.942,7.0,17.666666666666668,1
P0017,2024-07,20,3821.58,194.17,0.08900000000000001,3574.18,Maintenance,S020,0.942,14.0,13.666666666666666,1
P0017,2024-08,12,2445.12,196.3,0.079,2296.6800000000003,Maintenance,S020,0.942,20.0,15.333333333333334,1
P0017,2024-09,28,5225.11,187.42,0.12066666666666666,4878.75,Maintenance,S020,0.942,12.0,20.0,1
P0017,2024-10,8,1427.2,178.4,0.163,1328.24,Maintenance,S020,0.942,28.0,16.0,1
P0017,2025-01,26,4855.84,187.46,0.1205,4534.22,Maintenance,S020,0.942,8.0,20.666666666666668,1
P0017,2025-02,23,4249.1900000000005,186.0725,0.127,3964.68,Maintenance,S020,0.942,26.0,19.0,1
P0018,2024-01,9,2411.82,267.98,0.022,2172.78,Maintenance,S005,0.903,,9.0,0
P0018,2024-02,17,4145.219999999999,242.91,0.11349999999999999,3693.7,Maintenance,S005,0.903,9.0,13.0,1
P0018,2024-03,14,3149.44,224.96,0.179,2777.6,Maintenance,S005,0.903,17.0,13.333333333333334,1
P0018,2024-04,11,2540.89,230.99,0.157,2248.73,Maintenance,S005,0.903,14.0,14.0,1
P0018,2024-05,13,3465.93,266.61,0.027,3120.65,Maintenance,S005,0.903,11.0,12.666666666666666,1
P0018,2024-06,20,4991.91,249.075,0.091,4460.71,Maintenance,S005,0.903,13.0,14.666666666666666,1
P0018,2024-07,6,1474.74,245.79,0.103,1315.38,Maintenance,S005,0.903,20.0,13.0,1
P0018,2024-10,13,3210.04,248.665,0.0925,2864.76,Maintenance,S005,0.903,6.0,13.0,1
P0018,2024-11,8,1996.96,249.62,0.089,1784.48,Maintenance,S005,0.903,13.0,9.0,1
P0018,2024-12,32,8139.960000000001,253.1833333333333,0.076,7290.04,Maintenance,S005,0.903,8.0,17.666666666666668,1
P0018,2025-01,16,3838.3199999999997,239.89499999999998,0.1245,3413.3599999999997,Maintenance,S005,0.903,32.0,18.666666666666668,1
P0018,2025-02,36,8545.779999999999,237.20000000000002,0.13433333333333333,7589.62,Maintenance,S005,0.903,16.0,28.0,1
P0019,2024-03,18,3565.5600000000004,196.925,0.08650000000000001,3324.1800000000003,Tools,S012,0.938,,18.0,0
P0019,2024-04,10,2069.21,208.77499999999998,0.0315,1935.11,Tools,S012,0.938,18.0,14.0,1
P0019,2024-06,6,1241.7,206.95,0.04,1161.24,Tools,S012,0.938,10.0,11.333333333333334,1
P0019,2024-07,14,2821.38,203.175,0.0575,2633.64,Tools,S012,0.938,6.0,10.0,1
P0019,2024-08,11,2316.71,210.61,0.023,2169.2,Tools,S012,0.938,14.0,10.333333333333334,1
P0019,2024-09,7,1507.45,215.35,0.001,1413.58,Tools,S012,0.938,11.0,10.666666666666666,1
P0019,2024-10,28,5225.38,186.97,0.13266666666666665,4849.9,Tools,S012,0.938,7.0,15.333333333333334,1
P0019,2024-11,25,4973.3,200.91500000000002,0.068,4638.05,Tools,S012,0.938,28.0,20.0,1
P0019,2024-12,7,1456.21,208.03,0.035,1362.34,Tools,S012,0.938,25.0,20.0,1
P0019,2025-01,20,3857.83,195.09,0.09499999999999999,3589.63,Tools,S012,0.938,7.0,17.333333333333332,1
P0019,2025-02,11,2124.65,193.15,0.104,1977.14,Tools,S012,0.938,20.0,12.666666666666666,1
P0020,2024-01,36,6248.79,176.34,0.06366666666666666,2020.23,Fasteners,S016,0.376,,36.0,0
P0020,2024-03,34,6005.62,178.85,0.050333333333333334,2011.98,Fasteners,S016,0.376,36.0,35.0,1
P0020,2024-04,32,5396.02,168.43,0.10566666666666667,1637.3,Fasteners,S016,0.376,34.0,34.0,1
P0020,2024-06,8,1322.8,165.35,0.122,383.12,Fasteners,S016,0.376,32.0,24.666666666666668,1
P0020,2024-09,29,4926.21,169.75,0.09866666666666667,1519.87,Fasteners,S016,0.376,8.0,23.0,1
P0020,2024-11,21,3507.4700000000003,166.95499999999998,0.11349999999999999,1040.81,Fasteners,S016,0.376,29.0,19.333333333333332,1
P0020,2024-12,44,7257.46,163.47,0.132,2089.22,Fasteners,S016,0.376,21.0,31.333333333333332,1
P0020,2025-01,9,1583.1,175.9,0.066,525.96,Fasteners,S016,0.376,44.0,24.666666666666668,1
P0020,2025-02,23,4146.45,181.55,0.036000000000000004,1444.87,Fasteners,S016,0.376,9.0,25.333333333333332,1
P0021,2024-03,27,1069.78,40.086666666666666,0.08,-606.11,Electrical,S016,-0.425,,27.0,0
P0021,2024-04,18,691.74,38.43,0.118,-425.52,Electrical,S016,-0.425,27.0,22.5,1
P0021,2024-05,10,367.3,36.73,0.157,-253.4,Electrical,S016,-0.425,18.0,18.333333333333332,1
P0021,2024-06,17,666.3199999999999,39.385,0.096,-388.87,Electrical,S016,-0.425,10.0,15.0,1
P0021,2024-07,11,477.4,43.4,0.004,-205.37,Electrical,S016,-0.425,17.0,12.666666666666666,1
P0021,2024-08,29,1093.9,38.22666666666667,0.12266666666666666,-706.13,Electrical,S016,-0.425,11.0,19.0,1
P0021,2024-09,17,701.38,41.285,0.052500000000000005,-353.81,Electrical,S016,-0.425,29.0,19.0,1
P0021,2024-10,11,422.29,38.39,0.119,-260.48,Electrical,S016,-0.425,17.0,19.0,1
P0021,2024-11,7,267.19,38.17,0.124,-167.3,Electrical,S016,-0.425,11.0,11.666666666666666,1
P0021,2024-12,8,326.96,40.87,0.062,-169.6,Electrical,S016,-0.425,7.0,8.666666666666666,1
P0021,2025-01,32,1324.24,41.11666666666667,0.056333333333333326,-662.0,Electrical,S016,-0.425,8.0,15.666666666666666,1
P0022,2024-01,6,686.64,114.44,0.1,113.82,Industrial Supplies,S007,0.249,,6.0,0
P0022,2024-02,25,3065.14,121.72666666666667,0.042666666666666665,678.39,Industrial Supplies,S007,0.249,6.0,15.5,1
P0022,2024-03,48,5612.9400000000005,115.832,0.089,1030.38,Industrial Supplies,S007,0.249,25.0,26.333333333333332,1
P0022,2024-04,70,8292.7,117.74000000000001,0.074,1609.8,Industrial Supplies,S007,0.249,48.0,47.666666666666664,1
P0022,2024-05,9,1123.74,124.86,0.018,264.51,Industrial Supplies,S007,0.249,70.0,42.333333333333336,1
P0022,2024-06,12,1322.88,110.24,0.133,177.24,Industrial Supplies,S007,0.249,9.0,30.333333333333332,1
P0022,2024-07,25,3017.9700000000003,120.345,0.0535,631.22,Industrial Supplies,S007,0.249,12.0,15.333333333333334,1
P0022,2024-09,18,2037.6799999999998,113.035,0.111,319.22,Industrial Supplies,S007,0.249,25.0,18.333333333333332,1
P0022,2024-10,12,1306.08,108.84,0.144,160.44,Industrial Supplies,S007,0.249,18.0,18.333333333333332,1
P0022,2024-11,1,111.13,111.13,0.126,15.66,Industrial Supplies,S007,0.249,12.0,10.333333333333334,1
P0022,2024-12,19,2280.53,118.12,0.07100000000000001,466.6,Industrial Supplies,S007,0.249,1.0,10.666666666666666,1
P0022,2025-01,30,3512.3900000000003,115.66333333333334,0.09033333333333333,648.29,Industrial Supplies,S007,0.249,19.0,16.666666666666668,1
P0023,2024-04,9,751.68,83.52,0.129,-725.22,Fasteners,S004,-0.711,,9.0,0
P0023,2024-06,11,929.28,84.48,0.119,-875.82,Fasteners,S004,-0.711,9.0,10.0,1
P0023,2024-07,22,1897.06,85.82000000000001,0.105,-1713.14,Fasteners,S004,-0.711,11.0,14.0,1
P0023,2024-08,8,643.6,80.45,0.161,-669.2,Fasteners,S004,-0.711,22.0,13.666666666666666,1
P0023,2024-09,6,482.16,80.36,0.162,-502.44,Fasteners,S004,-0.711,8.0,12.0,1
P0023,2024-11,23,2066.0299999999997,90.13666666666667,0.06,-1708.27,Fasteners,S004,-0.711,6.0,12.333333333333334,1
P0023,2024-12,14,1292.76,92.34,0.037,-1004.64,Fasteners,S004,-0.711,23.0,14.333333333333334,1
P0023,2025-01,41,3712.85,89.964,0.0618,-3015.25,Fasteners,S004,-0.711,14.0,26.0,1
P0023,2025-02,10,918.6,91.86,0.042,-722.4,Fasteners,S004,-0.711,41.0,21.666666666666668,1
P0024,2024-01,24,1821.3600000000001,76.45500000000001,0.14500000000000002,600.24,Tools,S001,0.431,,24.0,0
P0024,2024-02,10,815.5,81.55,0.088,306.7,Tools,S001,0.431,24.0,17.0,1
P0024,2024-03,17,1431.49,84.455,0.055499999999999994,566.53,Tools,S001,0.431,10.0,17.0,1
P0024,2024-07,27,2155.23,79.82333333333334,0.10733333333333332,781.47,Tools,S001,0.431,17.0,18.0,1
P0024,2024-08,13,1033.26,78.645,0.1205,371.82,Tools,S001,0.431,27.0,19.0,1
P0024,2024-09,20,1585.24,79.54,0.1105,567.64,Tools,S001,0.431,13.0,20.0,1
P0024,2024-11,17,1460.31,85.53,0.043500000000000004,595.35,Tools,S001,0.431,20.0,16.666666666666668,1
P0024,2024-12,8,590.88,73.95,0.173,183.84,Tools,S001,0.431,17.0,15.0,1
P0025,2024-01,20,5175.4,258.77,0.16999999999999998,3603.6,Maintenance,S005,0.748,,20.0,0
P0025,2024-04,20,5623.0,284.33000000000004,0.08800000000000001,4051.2,Maintenance,S005,0.748,20.0,20.0,1
P0025,2024-05,9,2775.06,308.34,0.011,2067.75,Maintenance,S005,0.748,20.0,16.333333333333332,1
P0025,2024-06,23,6376.97,278.72333333333336,0.106,4569.4,Maintenance,S005,0.748,9.0,17.333333333333332,1
P0025,2024-07,24,6597.6900000000005,278.2033333333333,0.10766666666666667,4711.53,Maintenance,S005,0.748,23.0,18.666666666666668,1
P0025,2024-08,17,5183.47,304.91,0.022,3847.44,Maintenance,S005,0.748,24.0,21.333333333333332,1
P0025,2024-10,12,3729.96,310.83,0.003,2786.88,Maintenance,S005,0.748,17.0,17.666666666666668,1
P0025,2024-11,22,6014.04,276.54,0.113,4285.06,Maintenance,S005,0.748,12.0,17.0,1
P0025,2024-12,25,7245.4400000000005,290.41,0.0685,5280.6900000000005,Maintenance,S005,0.748,22.0,19.666666666666668,1
P0025,2025-01,9,2791.89,310.21,0.005,2084.58,Maintenance,S005,0.748,25.0,18.666666666666668,1
P0025,2025-02,16,4630.48,288.08000000000004,0.076,3373.04,Maintenance,S005,0.748,9.0,16.666666666666668,1
P0026,2024-02,6,672.54,112.09,0.169,-155.16,Electrical,S010,-0.023,,6.0,0
P0026,2024-03,13,1544.92,118.84,0.119,-248.43,Electrical,S010,-0.023,6.0,9.5,1
P0026,2024-04,23,2729.34,118.36500000000001,0.1225,-443.51,Electrical,S010,-0.023,13.0,14.0,1
P0026,2024-05,8,1012.24,126.53,0.062,-91.36,Electrical,S010,-0.023,23.0,14.666666666666666,1
P0026,2024-06,39,4929.54,126.56,0.06175,-450.51,Electrical,S010,-0.023,8.0,23.333333333333332,1
P0026,2024-07,9,1192.14,132.46,0.018,-49.41,Electrical,S010,-0.023,39.0,18.666666666666668,1
P0026,2024-09,16,1939.12,121.195,0.1015,-268.08000000000004,Electrical,S010,-0.023,9.0,21.333333333333332,1
P0026,2024-10,9,1087.74,120.86,0.104,-153.81,Electrical,S010,-0.023,16.0,11.333333333333334,1
P0026,2024-11,16,2043.08,128.35,0.0485,-164.12,Electrical,S010,-0.023,9.0,13.666666666666666,1
P0026,2024-12,6,696.84,116.14,0.139,-130.86,Electrical,S010,-0.023,16.0,10.333333333333334,1
P0026,2025-02,11,1457.06,132.46,0.018,-60.39,Electrical,S010,-0.023,6.0,11.0,1
P0027,2024-02,28,7544.879999999999,268.7966666666667,0.06366666666666666,6219.08,Fasteners,S005,0.835,,28.0,0
P0027,2024-03,25,6421.43,256.54333333333335,0.10633333333333332,5237.68,Fasteners,S005,0.835,28.0,26.5,1
P0027,2024-04,18,4606.28,254.485,0.1135,3753.98,Fasteners,S005,0.835,25.0,23.666666666666668,1
P0027,2024-05,12,3031.44,252.62,0.12,2463.24,Fasteners,S005,0.835,18.0,18.333333333333332,1
P0027,2024-06,20,5039.76,255.06,0.1115,4092.7599999999998,Fasteners,S005,0.835,12.0,16.666666666666668,1
P0027,2024-07,22,5904.74,265.97,0.0735,4863.04,Fasteners,S005,0.835,20.0,18.0,1
P0027,2024-08,10,2440.1,244.01,0.15,1966.6,Fasteners,S005,0.835,22.0,17.333333333333332,1
P0027,2024-11,26,6829.35,261.8066666666667,0.08800000000000001,5598.25,Fasteners,S005,0.835,10.0,19.333333333333332,1
P0027,2025-01,23,6415.97,275.7766666666667,0.03933333333333333,5326.92,Fasteners,S005,0.835,26.0,19.666666666666668,1
P0028,2024-01,35,6657.790000000001,187.71666666666667,0.09533333333333334,5914.389999999999,Industrial Supplies,S004,0.898,,35.0,0
P0028,2024-02,11,2106.72,191.52,0.077,1873.08,Industrial Supplies,S004,0.898,35.0,23.0,1
P0028,2024-03,7,1349.39,192.77,0.071,1200.71,Industrial Supplies,S004,0.898,11.0,17.666666666666668,1
P0028,2024-05,8,1530.56,191.32,0.078,1360.64,Industrial Supplies,S004,0.898,7.0,8.666666666666666,1
P0028,2024-06,70,13187.53,188.3814285714286,0.09214285714285715,11700.73,Industrial Supplies,S004,0.898,8.0,28.333333333333332,1
P0028,2024-07,29,5293.57,183.5,0.11566666666666665,4677.61,Industrial Supplies,S004,0.898,70.0,35.666666666666664,1
P0028,2024-09,5,945.15,189.03,0.089,838.95,Industrial Supplies,S004,0.898,29.0,34.666666666666664,1
P0028,2024-10,15,2589.6,172.64,0.168,2271.0,Industrial Supplies,S004,0.898,5.0,16.333333333333332,1
P0028,2024-11,42,7963.49,189.5525,0.0865,7071.41,Industrial Supplies,S004,0.898,15.0,20.666666666666668,1
P0028,2024-12,9,1607.94,178.66,0.139,1416.78,Industrial Supplies,S004,0.898,42.0,22.0,1
P0028,2025-01,17,3088.6400000000003,181.76999999999998,0.124,2727.56,Industrial Supplies,S004,0.898,9.0,22.666666666666668,1
P0028,2025-02,9,1734.93,192.77,0.071,1543.77,Industrial Supplies,S004,0.898,17.0,11.666666666666666,1
P0029,2024-01,33,7932.87,237.855,0.076,6024.150000000001,Industrial Supplies,S002,0.775,,33.0,0
P0029,2024-03,23,5417.96,239.14499999999998,0.07100000000000001,4087.64,Industrial Supplies,S002,0.775,33.0,28.0,1
P0029,2024-04,20,4531.3,227.17000000000002,0.1175,3374.5,Industrial Supplies,S002,0.775,23.0,25.333333333333332,1
P0029,2024-05,8,1956.4,244.55,0.05,1493.68,Industrial Supplies,S002,0.775,20.0,17.0,1
P0029,2024-06,10,2563.9,256.39,0.004,1985.5,Industrial Supplies,S002,0.775,8.0,12.666666666666666,1
P0029,2024-07,7,1576.68,225.24,0.125,1171.8,Industrial Supplies,S002,0.775,10.0,8.333333333333334,1
P0029,2024-09,34,7578.23,223.3775,0.13225,5611.67,Industrial Supplies,S002,0.775,7.0,17.0,1
P0029,2024-11,27,6268.65,232.01999999999998,0.09866666666666668,4706.97,Industrial Supplies,S002,0.775,34.0,22.666666666666668,1
P0029,2024-12,42,9640.11,231.2275,0.10175000000000001,7210.83,Industrial Supplies,S002,0.775,27.0,34.333333333333336,1
P0029,2025-02,10,2216.4,221.64,0.139,1638.0,Industrial Supplies,S002,0.775,42.0,26.333333333333332,1
P0030,2024-01,13,2012.92,154.84,0.08,1548.43,Safety,S020,0.788,,13.0,0
P0030,2024-02,21,3174.24,151.635,0.099,2423.91,Safety,S020,0.788,13.0,17.0,1
P0030,2024-03,17,2741.79,160.98000000000002,0.0435,2134.38,Safety,S020,0.788,21.0,17.0,1
P0030,2024-05,10,1506.3,150.63,0.105,1149.0,Safety,S020,0.788,17.0,16.0,1
P0030,2024-06,9,1493.46,165.94,0.014,1171.89,Safety,S020,0.788,10.0,12.0,1
P0030,2024-08,19,2697.87,143.055,0.15,2019.0,Safety,S020,0.788,9.0,12.666666666666666,1
P0030,2024-09,11,1594.01,144.91,0.139,1200.98,Safety,S020,0.788,19.0,13.0,1
P0030,2024-10,9,1425.33,158.37,0.059,1103.76,Safety,S020,0.788,11.0,13.0,1
P0030,2024-11,15,2384.8,159.295,0.0535,1848.85,Safety,S020,0.788,9.0,11.666666666666666,1
P0030,2024-12,22,3276.63,149.535,0.1115,2490.5699999999997,Safety,S020,0.788,15.0,15.333333333333334,1
P0030,2025-01,20,3047.2799999999997,151.64,0.09899999999999999,2332.6800000000003,Safety,S020,0.788,22.0,19.0,1
P0030,2025-02,18,2687.1,152.985,0.091,2043.96,Safety,S020,0.788,20.0,20.0,1
P0031,2024-01,14,2401.56,175.58999999999997,0.0805,50.81999999999999,Safety,S010,0.121,,14.0,0
P0031,2024-02,6,1050.66,175.11,0.083,43.2,Safety,S010,0.121,14.0,10.0,1
P0031,2024-03,30,5427.67,180.96666666666667,0.052333333333333336,390.37,Safety,S010,0.121,6.0,16.666666666666668,1
P0031,2024-04,15,2678.25,178.55,0.065,159.6,Safety,S010,0.121,30.0,17.0,1
P0031,2024-05,8,1356.56,169.57,0.112,13.28,Safety,S010,0.121,15.0,17.666666666666668,1
P0031,2024-07,26,4283.07,165.5,0.13333333333333333,-82.59,Safety,S010,0.121,8.0,16.333333333333332,1
P0031,2024-09,22,3619.5,163.84500000000003,0.14200000000000002,-74.52,Safety,S010,0.121,26.0,18.666666666666668,1
P0031,2024-11,8,1350.48,168.81,0.116,7.2,Safety,S010,0.121,22.0,18.666666666666668,1
P0031,2024-12,18,3073.1099999999997,171.005,0.10450000000000001,50.730000000000004,Safety,S010,0.121,8.0,16.0,1
P0031,2025-02,7,1319.36,188.48,0.013,143.99,Safety,S010,0.121,18.0,11.0,1
P0032,2024-02,26,3796.57,145.50333333333333,0.11933333333333333,-25.429999999999996,Tools,S019,0.11,,26.0,0
P0032,2024-03,27,4112.58,151.17333333333332,0.085,143.57999999999998,Tools,S019,0.11,26.0,26.5,1
P0032,2024-04,9,1418.58,157.62,0.046,95.58,Tools,S019,0.11,27.0,20.666666666666668,1
P0032,2024-05,8,1245.12,155.64,0.058,69.12,Tools,S019,0.11,9.0,14.666666666666666,1
P0032,2024-07,18,2589.3,143.07999999999998,0.134,-56.7,Tools,S019,0.11,8.0,11.666666666666666,1
P0032,2024-08,33,4648.59,144.34666666666666,0.12633333333333333,-202.41,Tools,S019,0.11,18.0,19.666666666666668,1
P0032,2024-09,19,2955.44,156.71,0.051500000000000004,162.44,Tools,S019,0.11,33.0,23.333333333333332,1
P0032,2024-10,8,1138.0,142.25,0.139,-38.0,Tools,S019,0.11,19.0,20.0,1
P0032,2024-11,27,4112.110000000001,153.2825,0.07225,143.10999999999999,Tools,S019,0.11,8.0,18.0,1
P0032,2025-01,22,3240.9700000000003,146.385,0.11399999999999999,6.970000000000006,Tools,S019,0.11,27.0,19.0,1
P0032,2025-02,14,2241.36,160.34500000000003,0.0295,183.36,Tools,S019,0.11,22.0,21.0,1
P0033,2024-01,10,645.6,64.56,0.134,-523.9,Fasteners,S001,-0.569,,10.0,0
P0033,2024-02,7,448.28,64.04,0.141,-370.37,Fasteners,S001,-0.569,10.0,8.5,1
P0033,2024-03,21,1438.0900000000001,69.40666666666667,0.069,-1017.8599999999999,Fasteners,S001,-0.569,7.0,12.666666666666666,1
P0033,2024-04,19,1178.27,61.985,0.1685,-1043.78,Fasteners,S001,-0.569,21.0,15.666666666666666,1
P0033,2024-07,33,2107.6,63.86666666666667,0.14333333333333334,-1751.75,Fasteners,S001,-0.569,19.0,24.333333333333332,1
P0033,2024-09,22,1543.6799999999998,70.34,0.0565,-1029.22,Fasteners,S001,-0.569,33.0,24.666666666666668,1
P0034,2024-02,11,2477.53,225.23,0.043,740.74,Fasteners,S005,0.329,,11.0,0
P0034,2024-03,14,2949.86,208.99,0.112,739.4,Fasteners,S005,0.329,11.0,12.5,1
P0034,2024-04,7,1504.09,214.87,0.087,398.86,Fasteners,S005,0.329,14.0,10.666666666666666,1
P0034,2024-06,6,1262.4,210.4,0.106,315.06,Fasteners,S005,0.329,7.0,9.0,1
P0034,2024-08,22,4499.5,206.01333333333332,0.12466666666666666,1025.92,Fasteners,S005,0.329,6.0,11.666666666666666,1
P0034,2024-09,13,2995.33,230.41,0.021,942.76,Fasteners,S005,0.329,22.0,13.666666666666666,1
P0034,2024-11,7,1537.06,219.58,0.067,431.83,Fasteners,S005,0.329,13.0,14.0,1
P0034,2024-12,6,1163.58,193.93,0.176,216.24,Fasteners,S005,0.329,7.0,8.666666666666666,1
P0034,2025-02,9,1933.83,214.87,0.087,512.82,Fasteners,S005,0.329,6.0,7.333333333333333,1
P0035,2024-02,8,758.4,94.8,0.058,-411.44,Maintenance,S013,-0.453,,8.0,0
P0035,2024-03,22,2120.16,96.165,0.0445,-1096.9,Maintenance,S013,-0.453,8.0,15.0,1
P0035,2024-04,15,1421.74,95.10499999999999,0.055,-771.71,Maintenance,S013,-0.453,22.0,15.0,1
P0035,2024-06,5,421.2,84.24,0.163,-309.95,Maintenance,S013,-0.453,15.0,14.0,1
P0035,2024-07,42,3824.1,89.9975,0.10575000000000001,-2317.56,Maintenance,S013,-0.453,5.0,20.666666666666668,1
P0035,2024-09,34,3133.5,91.735,0.0885,-1838.32,Maintenance,S013,-0.453,42.0,27.0,1
P0035,2024-11,22,1930.57,88.73,0.11833333333333333,-1286.49,Maintenance,S013,-0.453,34.0,32.666666666666664,1
P0035,2024-12,32,3145.11,98.08999999999999,0.025333333333333333,-1534.25,Maintenance,S013,-0.453,22.0,29.333333333333332,1
P0035,2025-01,9,759.06,84.34,0.162,-557.01,Maintenance,S013,-0.453,32.0,21.0,1
P0036,2024-01,14,273.42,19.53,0.129,-287.84,Maintenance,S004,-0.788,,14.0,0
P0036,2024-02,17,356.69,20.995,0.0635,-324.84,Maintenance,S004,-0.788,14.0,15.5,1
P0036,2024-03,8,149.6,18.7,0.166,-171.12,Maintenance,S004,-0.788,17.0,13.0,1
P0036,2024-04,24,480.8,20.2,0.09899999999999999,-481.36,Maintenance,S004,-0.788,8.0,16.333333333333332,1
P0036,2024-05,14,264.04,18.86,0.159,-297.22,Maintenance,S004,-0.788,24.0,15.333333333333334,1
P0036,2024-06,18,362.15999999999997,20.119999999999997,0.10250000000000001,-359.46000000000004,Maintenance,S004,-0.788,14.0,18.666666666666668,1
P0036,2024-07,25,533.95,21.3,0.05000000000000001,-468.3,Maintenance,S004,-0.788,18.0,19.0,1
P0036,2024-08,25,517.96,20.78,0.07333333333333333,-484.28999999999996,Maintenance,S004,-0.788,25.0,22.666666666666668,1
P0036,2024-09,10,222.0,22.2,0.01,-178.9,Maintenance,S004,-0.788,25.0,20.0,1
P0036,2024-10,16,331.67999999999995,21.049999999999997,0.061,-309.76,Maintenance,S004,-0.788,10.0,17.0,1
P0036,2024-11,7,136.08,19.44,0.133,-144.55,Maintenance,S004,-0.788,16.0,11.0,1
P0036,2024-12,10,209.84,20.27,0.096,-191.06,Maintenance,S004,-0.788,7.0,11.0,1
P0036,2025-02,7,132.93,18.99,0.153,-147.7,Maintenance,S004,-0.788,10.0,8.0,1
P0037,2024-02,16,3011.95,193.015,0.089,427.63,Maintenance,S016,0.238,,16.0,0
P0037,2024-03,22,4411.9,200.95499999999998,0.0515,858.46,Maintenance,S016,0.238,16.0,19.0,1
P0037,2024-04,7,1443.05,206.15,0.027,312.41,Maintenance,S016,0.238,22.0,15.0,1
P0037,2024-05,17,3106.45,182.315,0.13949999999999999,360.61,Maintenance,S016,0.238,7.0,15.333333333333334,1
P0037,2024-06,9,1855.35,206.15,0.027,401.67,Maintenance,S016,0.238,17.0,11.0,1
P0037,2024-07,20,4102.23,204.45499999999998,0.035,871.8299999999999,Maintenance,S016,0.238,9.0,15.333333333333334,1
P0037,2024-08,30,5869.2,196.82666666666668,0.071,1023.5999999999999,Maintenance,S016,0.238,20.0,19.666666666666668,1
P0037,2024-11,16,3299.0199999999995,203.29000000000002,0.0405,714.7,Maintenance,S016,0.238,30.0,22.0,1
P0037,2024-12,8,1559.36,194.92,0.08,267.2,Maintenance,S016,0.238,16.0,18.0,1
P0037,2025-01,7,1397.06,199.58,0.058,266.42,Maintenance,S016,0.238,8.0,10.333333333333334,1
P0037,2025-02,22,4347.2,197.46499999999997,0.068,793.76,Maintenance,S016,0.238,7.0,12.333333333333334,1
P0038,2024-01,45,2870.78,63.4475,0.08075,-1663.87,Safety,S016,-0.46,,45.0,0
P0038,2024-02,22,1368.07,62.185,0.099,-848.87,Safety,S016,-0.46,45.0,33.5,1
P0038,2024-03,6,380.58,63.43,0.081,-224.04,Safety,S016,-0.46,22.0,24.333333333333332,1
P0038,2024-04,32,1984.5,62.55,0.09375,-1240.1399999999999,Safety,S016,-0.46,6.0,20.0,1
P0038,2024-05,10,627.4,62.74,0.091,-380.3,Safety,S016,-0.46,32.0,16.0,1
P0038,2024-06,27,1724.53,63.74,0.0765,-996.26,Safety,S016,-0.46,10.0,23.0,1
P0038,2024-08,17,1057.24,63.05,0.0865,-655.8499999999999,Safety,S016,-0.46,27.0,18.0,1
P0038,2024-09,21,1340.78,63.84666666666667,0.075,-775.39,Safety,S016,-0.46,17.0,21.666666666666668,1
P0038,2024-10,20,1220.48,61.735,0.1055,-794.92,Safety,S016,-0.46,21.0,19.333333333333332,1
P0038,2024-11,13,776.1,59.7,0.135,-533.91,Safety,S016,-0.46,20.0,18.0,1
P0038,2024-12,7,468.65,66.95,0.03,-236.74,Safety,S016,-0.46,13.0,13.333333333333334,1
P0038,2025-02,9,555.3,61.7,0.106,-351.63,Safety,S016,-0.46,7.0,9.666666666666666,1
P0039,2024-01,43,11496.98,266.12,0.11833333333333333,5181.14,Fasteners,S002,0.513,,43.0,0
P0039,2024-02,6,1528.5,254.75,0.156,647.22,Fasteners,S002,0.513,43.0,24.5,1
P0039,2024-03,20,5454.92,274.225,0.0915,2517.32,Fasteners,S002,0.513,6.0,23.0,1
P0039,2024-04,6,1637.16,272.86,0.096,755.88,Fasteners,S002,0.513,20.0,10.666666666666666,1
P0039,2024-05,36,10210.380000000001,284.23333333333335,0.05833333333333333,4922.7,Fasteners,S002,0.513,6.0,20.666666666666668,1
P0039,2024-06,33,8935.66,270.75,0.103,4088.62,Fasteners,S002,0.513,36.0,25.0,1
P0039,2024-07,10,2921.8,292.18,0.032,1453.0,Fasteners,S002,0.513,33.0,26.333333333333332,1
P0039,2024-08,21,5464.84,260.64,0.1365,2380.3599999999997,Fasteners,S002,0.513,10.0,21.333333333333332,1
P0039,2024-09,26,7588.879999999999,290.8733333333333,0.036333333333333336,3770.0,Fasteners,S002,0.513,21.0,19.0,1
P0039,2024-10,11,3164.15,287.65,0.047,1548.47,Fasteners,S002,0.513,26.0,19.333333333333332,1
P0039,2024-11,11,3101.12,281.92,0.066,1485.44,Fasteners,S002,0.513,11.0,16.0,1
P0039,2025-02,13,3386.37,260.49,0.137,1476.93,Fasteners,S002,0.513,11.0,11.666666666666666,1
P0040,2024-01,25,6942.9,276.68,0.09566666666666668,2889.65,Fasteners,S017,0.47,,25.0,0
P0040,2024-02,12,3172.12,268.32,0.123,1226.56,Fasteners,S017,0.47,25.0,18.5,1
P0040,2024-04,19,5675.91,299.21500000000003,0.022,2595.44,Fasteners,S017,0.47,12.0,18.666666666666668,1
P0040,2024-06,18,4967.43,274.745,0.10200000000000001,2049.09,Fasteners,S017,0.47,19.0,16.333333333333332,1
P0040,2024-07,36,10150.43,280.066,0.0846,4313.75,Fasteners,S017,0.47,18.0,24.333333333333332,1
P0040,2024-08,36,9741.98,272.905,0.108,3905.3,Fasteners,S017,0.47,36.0,30.0,1
P0040,2024-09,5,1359.95,271.99,0.111,549.3,Fasteners,S017,0.47,36.0,25.666666666666668,1
P0040,2024-10,7,1768.97,252.71,0.174,634.06,Fasteners,S017,0.47,5.0,16.0,1
P0040,2024-11,8,2315.44,289.43,0.054,1018.4,Fasteners,S017,0.47,7.0,6.666666666666667,1
P0040,2025-01,9,2662.65,295.85,0.033,1203.48,Fasteners,S017,0.47,8.0,8.0,1
P0040,2025-02,23,6315.110000000001,273.825,0.10500000000000001,2586.12,Fasteners,S017,0.47,9.0,13.333333333333334,1
P0041,2024-01,3,822.12,274.04,0.068,634.02,Industrial Supplies,S020,0.787,,3.0,0
P0041,2024-03,11,2800.93,254.63,0.134,2111.23,Industrial Supplies,S020,0.787,3.0,7.0,1
P0041,2024-06,17,4479.58,263.6,0.10350000000000001,3413.6800000000003,Industrial Supplies,S020,0.787,11.0,10.333333333333334,1
P0041,2024-08,9,2408.13,267.57,0.09,1843.83,Industrial Supplies,S020,0.787,17.0,12.333333333333334,1
P0041,2024-09,14,3504.2,249.77499999999998,0.15050000000000002,2626.4,Industrial Supplies,S020,0.787,9.0,13.333333333333334,1
P0041,2024-10,18,4585.08,252.57,0.14100000000000001,3456.48,Industrial Supplies,S020,0.787,14.0,13.666666666666666,1
P0041,2024-12,7,1885.31,269.33,0.084,1446.41,Industrial Supplies,S020,0.787,18.0,13.0,1
P0041,2025-01,10,2693.3,269.33,0.084,2066.3,Industrial Supplies,S020,0.787,7.0,11.666666666666666,1
P0042,2024-01,16,1799.2800000000002,115.94,0.0935,1368.4,,S012,0.789,,16.0,0
P0042,2024-02,16,1816.11,113.515,0.1125,1385.23,,S012,0.789,16.0,16.0,1
P0042,2024-04,23,2723.38,116.94333333333333,0.08566666666666667,2103.99,,S012,0.789,16.0,18.333333333333332,1
P0042,2024-05,35,4239.1900000000005,120.8325,0.05525,3296.6400000000003,,S012,0.789,23.0,24.666666666666668,1
P0042,2024-06,18,2024.3999999999999,116.07,0.0925,1539.66,,S012,0.789,35.0,25.333333333333332,1
P0042,2024-07,13,1486.4499999999998,114.47,0.105,1136.3600000000001,,S012,0.789,18.0,22.0,1
P0042,2024-09,9,999.18,111.02,0.132,756.81,,S012,0.789,13.0,13.333333333333334,1
P0042,2024-11,9,1125.81,125.09,0.022,883.44,,S012,0.789,9.0,10.333333333333334,1
P0042,2024-12,30,3415.85,113.74666666666667,0.11066666666666665,2607.95,,S012,0.789,9.0,16.0,1
P0042,2025-01,9,1035.99,115.11,0.1,793.62,,S012,0.789,30.0,16.0,1
P0043,2024-01,23,399.89,17.336666666666666,0.12033333333333333,-685.71,Electrical,S018,-1.395,,23.0,0
P0043,2024-02,22,376.98,17.1,0.1325,-661.42,Electrical,S018,-1.395,23.0,22.5,1
P0043,2024-03,20,373.33000000000004,18.555,0.0585,-570.67,Electrical,S018,-1.395,22.0,21.666666666666668,1
P0043,2024-04,30,561.1700000000001,18.746666666666666,0.048999999999999995,-854.8299999999999,Electrical,S018,-1.395,20.0,24.0,1
P0043,2024-05,7,118.65,16.95,0.14,-211.75,Electrical,S018,-1.395,30.0,19.0,1
P0043,2024-07,24,444.70000000000005,18.55333333333333,0.05866666666666667,-688.1,Electrical,S018,-1.395,7.0,20.333333333333332,1
P0043,2024-08,13,235.01,18.285,0.0725,-378.59000000000003,Electrical,S018,-1.395,24.0,14.666666666666666,1
P0043,2024-09,35,629.1,17.6825,0.10275000000000001,-1022.9000000000001,Electrical,S018,-1.395,13.0,24.0,1
P0043,2024-10,28,488.82000000000005,17.465,0.11399999999999999,-832.78,Electrical,S018,-1.395,35.0,25.333333333333332,1
P0043,2024-12,10,190.0,19.0,0.036,-282.0,Electrical,S018,-1.395,28.0,24.333333333333332,1
P0043,2025-01,8,138.48,17.31,0.122,-239.12,Electrical,S018,-1.395,10.0,15.333333333333334,1
P0043,2025-02,12,235.8,19.65,0.003,-330.6,Electrical,S018,-1.395,8.0,10.0,1
P0044,2024-01,25,6714.0599999999995,267.9266666666667,0.10133333333333333,4677.56,,S003,0.727,,25.0,0
P0044,2024-02,10,2766.7,276.67,0.072,1952.1,,S003,0.727,25.0,17.5,1
P0044,2024-03,14,3527.02,251.93,0.155,2386.58,,S003,0.727,10.0,16.333333333333332,1
P0044,2024-04,15,4051.65,270.11,0.094,2829.75,,S003,0.727,14.0,13.0,1
P0044,2024-05,15,3995.1,271.90500000000003,0.088,2773.2,,S003,0.727,15.0,14.666666666666666,1
P0044,2024-06,3,864.9,288.3,0.033,620.52,,S003,0.727,15.0,11.0,1
P0044,2024-07,12,3302.16,275.18,0.077,2324.64,,S003,0.727,3.0,10.0,1
P0044,2024-09,14,4123.84,294.56,0.012,2983.4,,S003,0.727,12.0,9.666666666666666,1
P0044,2024-10,9,2482.02,275.78,0.075,1748.88,,S003,0.727,14.0,11.666666666666666,1
P0044,2024-11,6,1609.98,268.33,0.1,1121.22,,S003,0.727,9.0,9.666666666666666,1
P0044,2024-12,13,3825.38,294.26,0.013,2766.4,,S003,0.727,6.0,9.333333333333334,1
P0044,2025-01,8,2108.48,263.56,0.116,1456.8,,S003,0.727,13.0,9.0,1
P0044,2025-02,31,8019.99,259.18333333333334,0.13066666666666668,5494.73,,S003,0.727,8.0,17.333333333333332,1
P0045,2024-01,42,5488.08,130.70333333333335,0.10233333333333333,-757.32,,S001,-0.021,,42.0,0
P0045,2024-02,10,1249.2,124.92,0.142,-237.8,,S001,-0.021,42.0,26.0,1
P0045,2024-03,3,366.9,122.3,0.16,-79.2,,S001,-0.021,10.0,18.333333333333332,1
P0045,2024-04,19,2736.4,143.925,0.0115,-88.9,,S001,-0.021,3.0,10.666666666666666,1
P0045,2024-06,19,2540.5600000000004,134.68,0.07500000000000001,-284.74,,S001,-0.021,19.0,13.666666666666666,1
P0045,2024-08,37,5036.59,137.01,0.059,-465.30999999999995,,S001,-0.021,19.0,25.0,1
P0045,2024-09,44,5863.6,132.85999999999999,0.0875,-679.2,,S001,-0.021,37.0,33.333333333333336,1
P0045,2024-10,11,1457.5,132.5,0.09,-178.2,,S001,-0.021,44.0,30.666666666666668,1
P0045,2024-11,16,2320.32,145.02,0.004,-58.88,,S001,-0.021,11.0,23.666666666666668,1
P0045,2024-12,41,5465.79,134.17,0.0785,-630.9100000000001,,S001,-0.021,16.0,22.666666666666668,1
P0045,2025-01,9,1251.45,139.05,0.045,-86.85,,S001,-0.021,41.0,22.0,1
P0045,2025-02,10,1236.1,123.61,0.151,-250.9,,S001,-0.021,9.0,20.0,1
P0046,2024-01,23,6169.37,266.92,0.1385,2580.2200000000003,,S001,0.496,,23.0,0
P0046,2024-02,33,9772.34,297.12666666666667,0.041,4622.6900000000005,,S001,0.496,23.0,28.0,1
P0046,2024-03,8,2141.52,267.69,0.136,893.12,,S001,0.496,33.0,21.333333333333332,1
P0046,2024-04,15,4285.92,286.905,0.074,1945.17,,S001,0.496,8.0,18.666666666666668,1
P0046,2024-05,22,5865.0,266.29499999999996,0.1405,2431.8999999999996,,S001,0.496,15.0,15.0,1
P0046,2024-06,17,4903.65,288.45,0.069,2250.8,,S001,0.496,22.0,18.0,1
P0046,2024-07,4,1042.28,260.57,0.159,418.08,,S001,0.496,17.0,14.333333333333334,1
P0046,2024-08,25,7317.27,292.2733333333333,0.05666666666666667,3416.02,,S001,0.496,4.0,15.333333333333334,1
P0046,2024-09,10,2906.2,290.62,0.062,1345.7,,S001,0.496,25.0,13.0,1
P0046,2024-12,9,2292.12,254.68,0.178,887.67,,S001,0.496,10.0,14.666666666666666,1
P0046,2025-01,12,3167.76,263.98,0.148,1295.16,,S001,0.496,9.0,10.333333333333334,1
P0047,2024-01,10,2594.8,259.48,0.16,2502.8,Tools,S019,0.97,,10.0,0
P0047,2024-02,14,4058.36,291.295,0.056999999999999995,3929.56,Tools,S019,0.97,10.0,12.0,1
P0047,2024-03,17,5193.88,305.195,0.012,5037.48,Tools,S019,0.97,14.0,13.666666666666666,1
P0047,2024-06,33,9798.34,297.24,0.03775,9494.74,Tools,S019,0.97,17.0,21.333333333333332,1
P0047,2024-08,13,3887.26,299.02,0.032,3767.66,Tools,S019,0.97,33.0,21.0,1
P0047,2024-09,42,11867.23,283.012,0.0838,11480.83,Tools,S019,0.97,13.0,29.333333333333332,1
P0047,2024-10,20,5904.9,290.05499999999995,0.061,5720.9,Tools,S019,0.97,42.0,25.0,1
P0047,2025-01,18,4805.26,267.04499999999996,0.1355,4639.66,Tools,S019,0.97,20.0,26.666666666666668,1
P0047,2025-02,6,1738.5,289.75,0.062,1683.3,Tools,S019,0.97,18.0,14.666666666666666,1
P0048,2024-01,33,8281.560000000001,250.75,0.08875,5118.51,Fasteners,S011,0.652,,33.0,0
P0048,2024-02,28,6687.17,236.83,0.13933333333333334,4003.37,Fasteners,S011,0.652,33.0,30.5,1
P0048,2024-03,4,940.0,235.0,0.146,556.6,Fasteners,S011,0.652,28.0,21.666666666666668,1
P0048,2024-04,16,4316.88,269.805,0.019500000000000003,2783.2799999999997,Fasteners,S011,0.652,4.0,16.0,1
P0048,2024-05,9,2263.59,251.51,0.086,1400.94,Fasteners,S011,0.652,16.0,9.666666666666666,1
P0048,2024-08,11,2696.98,245.18,0.109,1642.63,Fasteners,S011,0.652,9.0,12.0,1
P0048,2024-09,10,2272.9,227.29,0.174,1314.4,Fasteners,S011,0.652,11.0,10.0,1
P0048,2024-10,22,5451.67,245.17666666666665,0.10899999999999999,3342.9700000000003,Fasteners,S011,0.652,10.0,14.333333333333334,1
P0048,2024-11,14,3813.88,272.42,0.01,2471.98,Fasteners,S011,0.652,22.0,15.333333333333334,1
P0048,2024-12,2,549.24,274.62,0.002,357.54,Fasteners,S011,0.652,14.0,12.666666666666666,1
P0048,2025-01,8,2031.84,253.98,0.077,1265.04,Fasteners,S011,0.652,2.0,8.0,1
P0048,2025-02,14,3852.38,275.17,0.0,2510.48,Fasteners,S011,0.652,8.0,8.0,1
P0049,2024-01,31,2945.13,94.29666666666667,0.10033333333333333,471.64,Industrial Supplies,S005,0.239,,31.0,0
P0049,2024-02,21,2003.52,94.17,0.10149999999999999,327.93,Industrial Supplies,S005,0.239,31.0,26.0,1
P0049,2024-03,6,622.56,103.76,0.01,143.82,Industrial Supplies,S005,0.239,21.0,19.333333333333332,1
P0049,2024-04,18,1816.08,100.3,0.043,379.86,Industrial Supplies,S005,0.239,6.0,15.0,1
P0049,2024-05,10,1009.3,100.93,0.037,211.4,Industrial Supplies,S005,0.239,18.0,11.333333333333334,1
P0049,2024-06,20,1827.27,90.765,0.134,231.47000000000003,Industrial Supplies,S005,0.239,10.0,16.0,1
P0049,2024-07,18,1796.04,100.67,0.0395,359.82000000000005,Industrial Supplies,S005,0.239,20.0,16.0,1
P0049,2024-08,6,601.2,100.2,0.044,122.46,Industrial Supplies,S005,0.239,18.0,14.666666666666666,1
P0049,2024-09,31,2958.71,95.7975,0.086,485.22,Industrial Supplies,S005,0.239,6.0,18.333333333333332,1
P0049,2024-10,4,392.4,98.1,0.064,73.24,Industrial Supplies,S005,0.239,31.0,13.666666666666666,1
P0049,2024-11,18,1812.96,100.72,0.039,376.74,Industrial Supplies,S005,0.239,4.0,17.666666666666668,1
P0049,2025-01,9,907.47,100.83,0.038,189.36,Industrial Supplies,S005,0.239,18.0,10.333333333333334,1
P0050,2024-01,9,1070.46,118.94,0.102,654.66,Fasteners,S012,0.651,,9.0,0
P0050,2024-04,9,1020.42,113.38,0.144,604.62,Fasteners,S012,0.651,9.0,9.0,1
P0050,2024-05,9,1056.15,117.35,0.114,640.35,Fasteners,S012,0.651,9.0,9.0,1
P0050,2024-06,44,5320.22,121.125,0.0855,3287.42,Fasteners,S012,0.651,9.0,20.666666666666668,1
P0050,2024-07,3,340.53,113.51,0.143,201.93,Fasteners,S012,0.651,44.0,18.666666666666668,1
P0050,2024-08,18,2264.27,123.115,0.07050000000000001,1432.67,Fasteners,S012,0.651,3.0,21.666666666666668,1
P0050,2024-09,18,2196.2799999999997,122.185,0.0775,1364.68,Fasteners,S012,0.651,18.0,13.0,1
P0050,2024-10,5,576.8,115.36,0.129,345.8,Fasteners,S012,0.651,18.0,13.666666666666666,1
P0050,2024-11,9,1023.93,113.77,0.141,608.13,Fasteners,S012,0.651,5.0,10.666666666666666,1
P0050,2024-12,11,1333.09,121.19,0.085,824.89,Fasteners,S012,0.651,9.0,8.333333333333334,1
P0050,2025-01,9,1037.07,115.23,0.13,621.27,Fasteners,S012,0.651,11.0,9.666666666666666,1
P0051,2024-01,34,8230.07,239.342,0.12840000000000001,7256.99,Maintenance,S003,0.896,,34.0,0
P0051,2024-03,13,3230.63,248.51,0.095,2858.57,Maintenance,S003,0.896,34.0,23.5,1
P0051,2024-06,17,4114.93,242.2,0.118,3628.3900000000003,Maintenance,S003,0.896,13.0,21.333333333333332,1
P0051,2024-08,9,2051.28,227.92,0.17,1793.7,Maintenance,S003,0.896,17.0,13.0,1
P0051,2024-09,9,2286.09,254.01,0.075,2028.51,Maintenance,S003,0.896,9.0,11.666666666666666,1
P0051,2024-10,16,3760.88,235.32999999999998,0.14300000000000002,3302.96,Maintenance,S003,0.896,9.0,11.333333333333334,1
P0051,2024-11,23,5487.05,238.99333333333334,0.12966666666666668,4828.79,Maintenance,S003,0.896,16.0,16.0,1
P0052,2024-01,8,773.6,96.7,0.134,245.04,Tools,S001,0.408,,8.0,0
P0052,2024-02,7,709.73,101.39,0.092,247.24,Tools,S001,0.408,8.0,7.5,1
P0052,2024-03,19,1822.4299999999998,95.75,0.14250000000000002,567.1,Tools,S001,0.408,7.0,11.333333333333334,1
P0052,2024-05,24,2481.87,102.895,0.0785,896.19,Tools,S001,0.408,19.0,16.666666666666668,1
P0052,2024-06,20,1989.8,99.49000000000001,0.109,668.4000000000001,Tools,S001,0.408,24.0,21.0,1
P0052,2024-08,29,2861.64,99.97333333333334,0.10466666666666667,945.61,Tools,S001,0.408,20.0,24.333333333333332,1
P0052,2024-09,19,1766.4,92.625,0.17049999999999998,511.07000000000005,Tools,S001,0.408,29.0,22.666666666666668,1
P0052,2024-10,7,646.38,92.34,0.173,183.89,Tools,S001,0.408,19.0,18.333333333333332,1
P0052,2024-11,11,1206.15,109.65,0.018,479.38,Tools,S001,0.408,7.0,12.333333333333334,1
P0052,2024-12,7,671.44,95.92,0.141,208.95,Tools,S001,0.408,11.0,8.333333333333334,1
P0052,2025-02,22,2170.83,99.435,0.10949999999999999,717.29,Tools,S001,0.408,7.0,13.333333333333334,1
P0053,2024-04,21,1322.68,62.93,0.056499999999999995,-2251.1,Tools,S001,-1.551,,21.0,0
P0053,2024-06,4,251.84,62.96,0.056,-428.88,Tools,S001,-1.551,21.0,12.5,1
P0053,2024-07,16,972.16,60.76,0.089,-1750.72,Tools,S001,-1.551,4.0,13.666666666666666,1
P0053,2024-09,18,1046.05,58.595,0.1215,-2017.19,Tools,S001,-1.551,16.0,12.666666666666666,1
P0053,2024-10,43,2544.48,59.18666666666667,0.11266666666666668,-4773.26,Tools,S001,-1.551,18.0,25.666666666666668,1
P0053,2024-11,27,1534.69,56.830000000000005,0.148,-3060.17,Tools,S001,-1.551,43.0,29.333333333333332,1
P0053,2024-12,17,1054.51,62.03,0.07,-1838.55,Tools,S001,-1.551,27.0,29.0,1
P0053,2025-01,29,1754.8600000000001,61.14000000000001,0.08333333333333333,-3180.3599999999997,Tools,S001,-1.551,17.0,24.333333333333332,1
P0053,2025-02,9,524.7,58.3,0.126,-1006.92,Tools,S001,-1.551,29.0,18.333333333333332,1
P0054,2024-01,10,1705.9,170.59,0.077,1070.0,Industrial Supplies,S008,0.656,,10.0,0
P0054,2024-02,9,1438.83,159.87,0.135,866.52,Industrial Supplies,S008,0.656,10.0,9.5,1
P0054,2024-03,10,1591.3,159.13,0.139,955.4,Industrial Supplies,S008,0.656,9.0,9.666666666666666,1
P0054,2024-04,38,6503.07,170.45,0.07775,4086.65,Industrial Supplies,S008,0.656,10.0,19.0,1
P0054,2024-05,15,2385.87,158.115,0.14450000000000002,1432.02,Industrial Supplies,S008,0.656,38.0,21.0,1
P0054,2024-06,30,4957.049999999999,166.03,0.10166666666666667,3049.35,Industrial Supplies,S008,0.656,15.0,27.666666666666668,1
P0054,2024-07,27,4428.45,163.38,0.11599999999999999,2711.52,Industrial Supplies,S008,0.656,30.0,24.0,1
P0054,2024-08,59,10318.68,174.47,0.056,6566.87,Industrial Supplies,S008,0.656,27.0,38.666666666666664,1
P0054,2024-11,32,5289.16,165.66,0.10366666666666667,3254.2799999999997,Industrial Supplies,S008,0.656,59.0,39.333333333333336,1
P0054,2024-12,32,5465.26,171.1475,0.074,3430.38,Industrial Supplies,S008,0.656,32.0,41.0,1
P0054,2025-02,17,2890.21,169.29500000000002,0.08399999999999999,1809.18,Industrial Supplies,S008,0.656,32.0,27.0,1
P0055,2024-01,20,5164.9400000000005,257.70500000000004,0.14250000000000002,3220.34,Tools,S010,0.676,,20.0,0
P0055,2024-03,21,5329.9,254.7,0.15250000000000002,3288.0699999999997,Tools,S010,0.676,20.0,20.5,1
P0055,2024-05,16,4536.2,282.95,0.058499999999999996,2980.52,Tools,S010,0.676,21.0,19.0,1
P0055,2024-07,19,4957.56,260.26,0.134,3110.19,Tools,S010,0.676,16.0,18.666666666666668,1
P0055,2024-09,34,9406.82,273.18,0.09100000000000001,6101.0,Tools,S010,0.676,19.0,23.0,1
P0055,2024-10,32,8742.34,278.69,0.07266666666666666,5630.98,Tools,S010,0.676,34.0,28.333333333333332,1
P0055,2024-11,20,5319.09,268.17333333333335,0.10766666666666665,3374.49,Tools,S010,0.676,32.0,28.666666666666668,1
P0055,2024-12,6,1534.5,255.75,0.149,951.12,Tools,S010,0.676,20.0,19.333333333333332,1
P0055,2025-01,11,3160.41,287.31,0.044,2090.88,Tools,S010,0.676,6.0,12.333333333333334,1
P0056,2024-01,14,2825.62,201.83,0.112,1020.74,Electrical,S011,0.433,,14.0,0
P0056,2024-02,10,2195.6,219.56,0.034,906.4,Electrical,S011,0.433,14.0,12.0,1
P0056,2024-03,10,1954.7,195.47,0.14,665.5,Electrical,S011,0.433,10.0,11.333333333333334,1
P0056,2024-04,14,2832.06,202.29000000000002,0.11,1027.18,Electrical,S011,0.433,10.0,11.333333333333334,1
P0056,2024-05,31,6689.12,214.63666666666668,0.05566666666666667,2692.6,Electrical,S011,0.433,14.0,18.333333333333332,1
P0056,2024-06,23,4869.969999999999,212.405,0.0655,1904.81,Electrical,S011,0.433,31.0,22.666666666666668,1
P0056,2024-07,11,2105.18,191.38,0.158,687.06,Electrical,S011,0.433,23.0,21.666666666666668,1
P0056,2024-08,18,3808.44,209.56,0.078,1487.88,Electrical,S011,0.433,11.0,17.333333333333332,1
P0056,2024-10,14,3167.5,226.38,0.004,1362.62,Electrical,S011,0.433,18.0,14.333333333333334,1
P0056,2024-11,13,2508.83,191.945,0.1555,832.87,Electrical,S011,0.433,14.0,15.0,1
P0056,2024-12,21,4486.08,211.61,0.069,1778.7599999999998,Electrical,S011,0.433,13.0,16.0,1
P0056,2025-01,10,2077.4,207.74,0.086,788.2,Electrical,S011,0.433,21.0,14.666666666666666,1
P0056,2025-02,15,3048.0,203.2,0.106,1114.2,Electrical,S011,0.433,10.0,15.333333333333334,1
P0057,2024-01,20,3585.2,176.02999999999997,0.068,2174.4,Tools,S012,0.627,,20.0,0
P0057,2024-02,13,2253.94,173.38,0.082,1336.92,Tools,S012,0.627,20.0,16.5,1
P0057,2024-04,7,1175.37,167.91,0.111,681.59,Tools,S012,0.627,13.0,13.333333333333334,1
P0057,2024-05,21,3595.14,175.365,0.0715,2113.8,Tools,S012,0.627,7.0,13.666666666666666,1
P0057,2024-06,10,1771.96,178.575,0.0545,1066.56,Tools,S012,0.627,21.0,12.666666666666666,1
P0057,2024-07,9,1591.02,176.78,0.064,956.16,Tools,S012,0.627,10.0,13.333333333333334,1
P0057,2024-08,25,4370.99,175.83666666666667,0.06899999999999999,2607.4900000000002,Tools,S012,0.627,9.0,14.666666666666666,1
P0057,2024-09,11,1996.5,181.5,0.039,1220.56,Tools,S012,0.627,25.0,15.0,1
P0057,2024-10,36,6243.1,174.8475,0.07425,3703.66,Tools,S012,0.627,11.0,24.0,1
P0057,2024-11,32,5738.54,179.36666666666667,0.05033333333333334,3481.2599999999998,Tools,S012,0.627,36.0,26.333333333333332,1
P0057,2025-01,22,4015.7200000000003,181.88,0.037,2463.84,Tools,S012,0.627,32.0,30.0,1
P0058,2024-01,14,552.96,40.62,0.09,-1899.14,Fasteners,S013,-2.924,,14.0,0
P0058,2024-02,8,300.0,37.5,0.16,-1101.2,Fasteners,S013,-2.924,14.0,11.0,1
P0058,2024-03,34,1473.02,43.06333333333333,0.035333333333333335,-4482.08,Fasteners,S013,-2.924,8.0,18.666666666666668,1
P0058,2024-04,10,445.1,44.51,0.003,-1306.4,Fasteners,S013,-2.924,34.0,17.333333333333332,1
P0058,2024-06,15,639.3,42.54,0.047,-1987.95,Fasteners,S013,-2.924,10.0,19.666666666666668,1
P0058,2024-07,16,669.8199999999999,41.205,0.077,-2132.58,Fasteners,S013,-2.924,15.0,13.666666666666666,1
P0058,2024-08,9,346.32,38.48,0.138,-1230.03,Fasteners,S013,-2.924,16.0,13.333333333333334,1
P0058,2024-10,15,588.6,39.24,0.121,-2038.65,Fasteners,S013,-2.924,9.0,13.333333333333334,1
P0058,2024-11,16,657.12,41.0,0.0815,-2145.2799999999997,Fasteners,S013,-2.924,15.0,13.333333333333334,1
P0058,2024-12,22,888.2,41.36666666666667,0.07333333333333332,-2965.1,Fasteners,S013,-2.924,16.0,17.666666666666668,1
P0058,2025-01,30,1243.2,41.42666666666667,0.072,-4011.3,Fasteners,S013,-2.924,22.0,22.666666666666668,1
P0058,2025-02,7,270.62,38.66,0.134,-955.43,Fasteners,S013,-2.924,30.0,19.666666666666668,1
P0059,2024-01,30,5486.54,180.4333333333333,0.10933333333333334,280.34,Fasteners,S012,0.143,,30.0,0
P0059,2024-02,76,14548.04,191.01000000000002,0.05711111111111111,1359.0,Fasteners,S012,0.143,30.0,53.0,1
P0059,2024-03,14,2578.1,184.15,0.091,148.54,Fasteners,S012,0.143,76.0,40.0,1
P0059,2024-04,7,1249.29,178.47,0.119,34.51,Fasteners,S012,0.143,14.0,32.333333333333336,1
P0059,2024-05,13,2586.09,198.93,0.018,330.07,Fasteners,S012,0.143,7.0,11.333333333333334,1
P0059,2024-06,20,3693.0,184.65,0.0885,222.20000000000002,Fasteners,S012,0.143,13.0,13.333333333333334,1
P0059,2024-08,33,6008.42,183.3825,0.09475,281.6,Fasteners,S012,0.143,20.0,22.0,1
P0059,2024-09,7,1318.8,188.4,0.07,104.02,Fasteners,S012,0.143,33.0,20.0,1
P0059,2024-10,20,3663.08,184.6866666666667,0.08833333333333333,192.28,Fasteners,S012,0.143,7.0,20.0,1
P0059,2024-11,10,1786.8,178.68,0.118,51.4,Fasteners,S012,0.143,20.0,12.333333333333334,1
P0059,2024-12,29,5573.549999999999,191.37,0.055333333333333325,540.89,Fasteners,S012,0.143,10.0,19.666666666666668,1
P0059,2025-01,8,1359.68,169.96,0.161,-28.64,Fasteners,S012,0.143,29.0,15.666666666666666,1
P0060,2024-01,30,8512.5,281.89000000000004,0.11066666666666665,6973.2,Fasteners,S014,0.838,,30.0,0
P0060,2024-03,11,3430.9,311.9,0.016,2866.49,Fasteners,S014,0.838,30.0,20.5,1
P0060,2024-04,23,6499.44,284.74333333333334,0.10166666666666667,5319.31,Fasteners,S014,0.838,11.0,21.333333333333332,1
P0060,2024-05,34,9821.96,291.375,0.08075,8077.42,Fasteners,S014,0.838,23.0,22.666666666666668,1
P0060,2024-07,11,3193.74,290.34,0.084,2629.33,Fasteners,S014,0.838,34.0,22.666666666666668,1
P0060,2024-08,19,5846.83,306.35,0.0335,4871.9400000000005,Fasteners,S014,0.838,11.0,21.333333333333332,1
P0060,2024-10,11,2918.3,265.3,0.163,2353.89,Fasteners,S014,0.838,19.0,13.666666666666666,1
P0060,2024-11,32,8788.28,275.0233333333333,0.13233333333333333,7146.360000000001,Fasteners,S014,0.838,11.0,20.666666666666668,1
P0060,2024-12,27,7865.93,292.56333333333333,0.077,6480.56,Fasteners,S014,0.838,32.0,23.333333333333332,1
P0060,2025-01,5,1532.55,306.51,0.033,1276.0,Fasteners,S014,0.838,27.0,21.333333333333332,1
P0060,2025-02,20,5774.54,291.7166666666667,0.07966666666666666,4748.34,Fasteners,S014,0.838,5.0,17.333333333333332,1
P0061,2024-01,27,1434.2,52.97,0.0825,-1091.11,Fasteners,S002,-0.62,,27.0,0
P0061,2024-02,8,416.08,52.01,0.099,-332.16,Fasteners,S002,-0.62,27.0,17.5,1
P0061,2024-03,5,271.35,54.27,0.06,-196.3,Fasteners,S002,-0.62,8.0,13.333333333333334,1
P0061,2024-04,37,2045.73,55.565,0.0375,-1414.88,Fasteners,S002,-0.62,5.0,16.666666666666668,1
P0061,2024-05,33,1799.0900000000001,54.7275,0.052,-1287.4,Fasteners,S002,-0.62,37.0,25.0,1
P0061,2024-08,9,467.1,51.9,0.101,-374.67,Fasteners,S002,-0.62,33.0,26.333333333333332,1
P0061,2024-09,6,320.04,53.34,0.076,-241.14,Fasteners,S002,-0.62,9.0,16.0,1
P0061,2024-10,14,762.5,54.035,0.064,-546.9200000000001,Fasteners,S002,-0.62,6.0,9.666666666666666,1
P0061,2024-11,13,667.94,51.38,0.11,-547.95,Fasteners,S002,-0.62,14.0,11.0,1
P0061,2025-01,17,937.86,55.275000000000006,0.042499999999999996,-652.15,Fasteners,S002,-0.62,13.0,14.666666666666666,1
P0061,2025-02,19,944.36,49.735,0.1385,-832.71,Fasteners,S002,-0.62,17.0,16.333333333333332,1
P0062,2024-01,27,4258.54,159.99333333333334,0.07566666666666666,2645.29,Electrical,S019,0.655,,27.0,0
P0062,2024-02,10,1602.8,160.28,0.074,1005.3,Electrical,S019,0.655,27.0,18.5,1
P0062,2024-04,45,7272.46,160.885,0.07050000000000001,4583.71,Electrical,S019,0.655,10.0,27.333333333333332,1
P0062,2024-05,9,1322.55,146.95,0.151,784.8,Electrical,S019,0.655,45.0,21.333333333333332,1
P0062,2024-06,8,1210.24,151.28,0.126,732.24,Electrical,S019,0.655,9.0,20.666666666666668,1
P0062,2024-07,19,3026.42,158.98000000000002,0.0815,1891.17,Electrical,S019,0.655,8.0,12.0,1
P0062,2024-08,7,1022.63,146.09,0.156,604.38,Electrical,S019,0.655,19.0,11.333333333333334,1
P0062,2024-09,35,5636.610000000001,160.5825,0.07225,3545.36,Electrical,S019,0.655,7.0,20.333333333333332,1
P0062,2024-11,18,3021.12,167.465,0.0325,1945.6200000000001,Electrical,S019,0.655,35.0,20.0,1
P0062,2024-12,10,1464.3,146.43,0.154,866.8,Electrical,S019,0.655,18.0,21.0,1
P0062,2025-01,17,2754.17,162.01,0.064,1738.42,Electrical,S019,0.655,10.0,15.0,1
P0063,2024-02,14,3667.88,256.46,0.0925,2870.02,Safety,S018,0.798,,14.0,0
P0063,2024-03,15,4157.05,275.96000000000004,0.0235,3302.2,Safety,S018,0.798,14.0,14.5,1
P0063,2024-04,26,6235.28,239.07999999999998,0.15400000000000003,4753.54,Safety,S018,0.798,15.0,18.333333333333332,1
P0063,2024-06,7,1622.11,231.73,0.18,1223.18,Safety,S018,0.798,26.0,16.0,1
P0063,2024-07,7,1637.93,233.99,0.172,1239.0,Safety,S018,0.798,7.0,13.333333333333334,1
P0063,2024-08,9,2200.05,244.45,0.135,1687.14,Safety,S018,0.798,7.0,7.666666666666667,1
P0063,2024-09,23,5860.28,253.21,0.104,4549.51,Safety,S018,0.798,9.0,13.0,1
P0063,2024-10,5,1401.7,280.34,0.008,1116.75,Safety,S018,0.798,23.0,12.333333333333334,1
P0063,2024-12,12,3204.72,267.06,0.055,2520.84,Safety,S018,0.798,5.0,13.333333333333334,1
P0063,2025-01,50,12945.59,261.178,0.0758,10096.09,Safety,S018,0.798,12.0,22.333333333333332,1
P0063,2025-02,27,7074.85,263.1933333333333,0.06866666666666667,5536.12,Safety,S018,0.798,50.0,29.666666666666668,1
P0064,2024-01,33,7056.2,214.37,0.11025,6582.9800000000005,Maintenance,S003,0.94,,33.0,0
P0064,2024-02,8,1671.12,208.89,0.133,1556.4,Maintenance,S003,0.94,33.0,20.5,1
P0064,2024-03,6,1299.6,216.6,0.101,1213.56,Maintenance,S003,0.94,8.0,15.666666666666666,1
P0064,2024-04,21,4789.23,226.715,0.059,4488.09,Maintenance,S003,0.94,6.0,11.666666666666666,1
P0064,2024-06,11,2523.07,229.37,0.048,2365.33,Maintenance,S003,0.94,21.0,12.666666666666666,1
P0064,2024-07,31,6874.51,221.33666666666667,0.08133333333333333,6429.97,Maintenance,S003,0.94,11.0,21.0,1
P0064,2024-08,17,3567.46,209.73000000000002,0.1295,3323.6800000000003,Maintenance,S003,0.94,31.0,19.666666666666668,1
P0064,2024-09,25,5289.68,210.17333333333332,0.12766666666666668,4931.18,Maintenance,S003,0.94,17.0,24.333333333333332,1
P0064,2024-10,15,3301.02,223.46499999999997,0.0725,3085.92,Maintenance,S003,0.94,25.0,19.0,1
P0064,2024-11,6,1408.02,234.67,0.026,1321.98,Maintenance,S003,0.94,15.0,15.333333333333334,1
P0064,2025-01,22,4934.7,220.45,0.085,4619.22,Maintenance,S003,0.94,6.0,14.333333333333334,1
P0065,2024-01,18,3768.45,209.155,0.081,1737.15,Industrial Supplies,S017,0.504,,18.0,0
P0065,2024-02,21,4218.17,208.17,0.08533333333333333,1848.3200000000002,Industrial Supplies,S017,0.504,18.0,19.5,1
P0065,2024-03,9,1745.19,193.91,0.148,729.54,Industrial Supplies,S017,0.504,21.0,16.0,1
P0065,2024-04,5,953.6,190.72,0.162,389.35,Industrial Supplies,S017,0.504,9.0,11.666666666666666,1
P0065,2024-05,5,1056.0,211.2,0.072,491.75,Industrial Supplies,S017,0.504,5.0,6.333333333333333,1
P0065,2024-08,22,4842.700000000001,219.74,0.0345,2360.0,Industrial Supplies,S017,0.504,5.0,10.666666666666666,1
P0065,2024-10,9,1835.28,203.92,0.104,819.63,Industrial Supplies,S017,0.504,22.0,12.0,1
P0065,2024-12,8,1769.76,221.22,0.028,866.96,Industrial Supplies,S017,0.504,9.0,13.0,1
P0065,2025-01,23,4752.09,208.245,0.085,2156.54,Industrial Supplies,S017,0.504,8.0,13.333333333333334,1
P0065,2025-02,28,5419.82,194.13333333333333,0.147,2260.02,Industrial Supplies,S017,0.504,23.0,19.666666666666668,1
P0066,2024-01,10,2038.1,203.81,0.111,1093.5,Fasteners,S008,0.588,,10.0,0
P0066,2024-02,17,3309.85,195.675,0.14650000000000002,1704.03,Fasteners,S008,0.588,10.0,13.5,1
P0066,2024-04,37,7938.95,213.82666666666668,0.06733333333333334,4443.93,Fasteners,S008,0.588,17.0,21.333333333333332,1
P0066,2024-05,11,2463.89,223.99,0.023,1424.83,Fasteners,S008,0.588,37.0,21.666666666666668,1
P0066,2024-06,38,8178.610000000001,216.8225,0.05425,4589.13,Fasteners,S008,0.588,11.0,28.666666666666668,1
P0066,2024-07,10,2173.4,217.34,0.052,1228.8,Fasteners,S008,0.588,38.0,19.666666666666668,1
P0066,2024-08,6,1276.5,212.75,0.072,709.74,Fasteners,S008,0.588,10.0,18.0,1
P0066,2024-09,26,5570.6,214.28333333333333,0.06533333333333334,3114.64,Fasteners,S008,0.588,6.0,14.0,1
P0066,2024-10,28,5693.84,203.695,0.1115,3048.96,Fasteners,S008,0.588,26.0,20.0,1
P0066,2024-12,13,2825.42,217.34,0.052,1597.44,Fasteners,S008,0.588,28.0,22.333333333333332,1
P0066,2025-01,13,2706.6,208.05,0.0925,1478.62,Fasteners,S008,0.588,13.0,18.0,1
P0067,2024-01,11,1312.08,119.28,0.043,1126.73,Tools,S010,0.865,,11.0,0
P0067,2024-02,18,2077.4700000000003,115.41499999999999,0.07400000000000001,1774.17,Tools,S010,0.865,11.0,14.5,1
P0067,2024-04,42,4806.75,113.9525,0.08574999999999999,4099.05,Tools,S010,0.865,18.0,23.666666666666668,1
P0067,2024-06,12,1378.6599999999999,115.73,0.07150000000000001,1176.46,Tools,S010,0.865,42.0,24.0,1
P0067,2024-08,22,2575.52,116.37,0.06633333333333334,2204.82,Tools,S010,0.865,12.0,25.333333333333332,1
P0067,2024-10,11,1340.9,121.9,0.022,1155.55,Tools,S010,0.865,22.0,15.0,1
P0067,2024-11,39,4282.51,110.852,0.11059999999999999,3625.3599999999997,Tools,S010,0.865,11.0,24.0,1
P0067,2024-12,16,1829.75,113.17500000000001,0.092,1560.15,Tools,S010,0.865,39.0,22.0,1
P0067,2025-01,28,3325.7,118.7,0.04766666666666666,2853.9,Tools,S010,0.865,16.0,27.666666666666668,1
P0067,2025-02,6,732.12,122.02,0.021,631.02,Tools,S010,0.865,28.0,16.666666666666668,1
P0068,2024-01,7,709.87,101.41,0.03,318.36,Fasteners,S002,0.465,,7.0,0
P0068,2024-02,11,1112.1,101.1,0.033,496.87,Fasteners,S002,0.465,7.0,9.0,1
P0068,2024-03,9,859.05,95.45,0.087,355.68,Fasteners,S002,0.465,11.0,9.0,1
P0068,2024-04,19,1837.98,97.545,0.067,775.31,Fasteners,S002,0.465,9.0,13.0,1
P0068,2024-05,37,3445.3500000000004,92.71,0.11325,1375.94,Fasteners,S002,0.465,19.0,21.666666666666668,1
P0068,2024-06,12,1102.8,91.9,0.121,431.64,Fasteners,S002,0.465,37.0,22.666666666666668,1
P0068,2024-08,8,734.32,91.79,0.122,286.88,Fasteners,S002,0.465,12.0,19.0,1
P0068,2024-10,4,400.64,100.16,0.042,176.92,Fasteners,S002,0.465,8.0,8.0,1
P0068,2024-12,41,3827.5,92.055,0.1195,1534.37,Fasteners,S002,0.465,4.0,17.666666666666668,1
P0069,2024-01,36,9106.82,253.04,0.03366666666666667,3194.9,Tools,S019,0.373,,36.0,0
P0069,2024-02,9,2330.82,258.98,0.011,852.84,Tools,S019,0.373,36.0,22.5,1
P0069,2024-03,18,4114.8,228.6,0.127,1158.84,Tools,S019,0.373,9.0,21.0,1
P0069,2024-04,3,757.29,252.43,0.036,264.63,Tools,S019,0.373,18.0,10.0,1
P0069,2024-05,13,3308.89,254.53,0.028,1174.03,Tools,S019,0.373,3.0,11.333333333333334,1
P0069,2024-06,22,5584.4,254.26500000000001,0.028999999999999998,1971.56,Tools,S019,0.373,13.0,12.666666666666666,1
P0069,2024-07,22,5472.9400000000005,247.37333333333333,0.05533333333333334,1860.1,Tools,S019,0.373,22.0,19.0,1
P0069,2024-08,9,2040.93,226.77,0.134,562.95,Tools,S019,0.373,22.0,17.666666666666668,1
P0069,2024-09,15,3566.0299999999997,237.76999999999998,0.092,1102.73,Tools,S019,0.373,9.0,15.333333333333334,1
P0069,2024-11,9,2241.27,249.03,0.049,763.29,Tools,S019,0.373,15.0,11.0,1
P0069,2024-12,7,1541.54,220.22,0.159,392.0,Tools,S019,0.373,9.0,10.333333333333334,1
P0069,2025-01,21,5344.26,255.13666666666666,0.025666666666666667,1895.6399999999999,Tools,S019,0.373,7.0,12.333333333333334,1
P0070,2024-01,13,3102.2799999999997,239.01999999999998,0.088,2462.6800000000003,Maintenance,S009,0.812,,13.0,0
P0070,2024-03,11,2375.45,215.95,0.176,1834.25,Maintenance,S009,0.812,13.0,12.0,1
P0070,2024-05,9,1960.11,217.79,0.169,1517.31,Maintenance,S009,0.812,11.0,11.0,1
P0070,2024-07,8,1822.0,227.75,0.131,1428.4,Maintenance,S009,0.812,9.0,9.333333333333334,1
P0070,2024-09,8,1780.08,222.51,0.151,1386.48,Maintenance,S009,0.812,8.0,8.333333333333334,1
P0070,2024-11,12,2792.76,232.73,0.112,2202.36,Maintenance,S009,0.812,8.0,9.333333333333334,1
P0070,2024-12,9,2104.02,233.78,0.108,1661.22,Maintenance,S009,0.812,12.0,9.666666666666666,1
P0070,2025-02,17,4158.74,242.82,0.07350000000000001,3322.34,Maintenance,S009,0.812,9.0,12.666666666666666,1
P0071,2024-01,8,1898.08,237.26,0.151,1634.72,Maintenance,S007,0.882,,8.0,0
P0071,2024-02,12,3209.28,267.44,0.043,2814.24,Maintenance,S007,0.882,8.0,10.0,1
P0071,2024-03,17,4615.57,271.775,0.0275,4055.93,Maintenance,S007,0.882,12.0,12.333333333333334,1
P0071,2024-04,18,4357.98,245.51,0.1215,3765.42,Maintenance,S007,0.882,17.0,15.666666666666666,1
P0071,2024-05,21,4997.58,237.95999999999998,0.1485,4306.26,Maintenance,S007,0.882,18.0,18.666666666666668,1
P0071,2024-08,9,2067.48,229.72,0.178,1771.2,Maintenance,S007,0.882,21.0,16.0,1
P0071,2024-10,15,3695.64,250.39999999999998,0.104,3201.84,Maintenance,S007,0.882,9.0,15.0,1
P0071,2024-11,20,4884.9,244.245,0.126,4226.5,Maintenance,S007,0.882,15.0,14.666666666666666,1
P0071,2024-12,25,6498.21,259.15000000000003,0.07266666666666667,5675.21,Maintenance,S007,0.882,20.0,20.0,1
P0071,2025-01,15,3575.7,238.38,0.147,3081.9,Maintenance,S007,0.882,25.0,20.0,1
P0072,2024-01,17,4691.91,275.73,0.06066666666666667,3124.6800000000003,Maintenance,S004,0.686,,17.0,0
P0072,2024-02,5,1460.35,292.07,0.005,999.4,Maintenance,S004,0.686,17.0,11.0,1
P0072,2024-03,7,1995.21,285.03,0.029,1349.88,Maintenance,S004,0.686,5.0,9.666666666666666,1
P0072,2024-04,19,5208.280000000001,267.5133333333333,0.08866666666666667,3456.67,Maintenance,S004,0.686,7.0,10.333333333333334,1
P0072,2024-05,10,2834.4300000000003,280.625,0.044000000000000004,1912.5299999999997,Maintenance,S004,0.686,19.0,12.0,1
P0072,2024-08,17,4701.09,272.995,0.07,3133.8599999999997,Maintenance,S004,0.686,10.0,15.333333333333334,1
P0072,2024-09,20,5160.64,256.99,0.1245,3316.84,Maintenance,S004,0.686,17.0,15.666666666666666,1
P0072,2024-11,29,7799.299999999999,268.0,0.08700000000000001,5125.79,Maintenance,S004,0.686,20.0,22.0,1
P0072,2024-12,38,10026.18,259.93,0.11449999999999999,6522.96,Maintenance,S004,0.686,29.0,29.0,1
P0073,2024-02,28,4255.4400000000005,151.98000000000002,0.111,-715.4,Tools,S018,-0.038,,28.0,0
P0073,2024-03,27,4262.2,156.03,0.08733333333333333,-531.11,Tools,S018,-0.038,28.0,27.5,1
P0073,2024-04,10,1612.2,161.22,0.057,-163.1,Tools,S018,-0.038,27.0,21.666666666666668,1
P0073,2024-05,11,1792.12,162.92,0.047,-160.71,Tools,S018,-0.038,10.0,16.0,1
P0073,2024-07,28,4374.32,156.31333333333336,0.08566666666666667,-596.52,Tools,S018,-0.038,11.0,16.333333333333332,1
P0073,2024-08,9,1377.09,153.01,0.105,-220.68,Tools,S018,-0.038,28.0,16.0,1
P0073,2024-09,18,2702.2,150.445,0.12,-493.34,Tools,S018,-0.038,9.0,18.333333333333332,1
P0073,2024-10,21,3288.1800000000003,154.88666666666666,0.09400000000000001,-439.95,Tools,S018,-0.038,18.0,16.0,1
P0073,2024-11,29,4564.9,156.71666666666667,0.08333333333333333,-583.47,Tools,S018,-0.038,21.0,22.666666666666668,1
P0073,2024-12,9,1458.63,162.07,0.052,-139.14,Tools,S018,-0.038,29.0,19.666666666666668,1
P0074,2024-01,12,1652.76,137.73,0.18,1057.2,Fasteners,S013,0.705,,12.0,0
P0074,2024-04,22,3519.26,160.51333333333332,0.044333333333333336,2427.4,Fasteners,S013,0.705,12.0,17.0,1
P0074,2024-05,18,3007.7599999999998,166.445,0.009000000000000001,2114.42,Fasteners,S013,0.705,22.0,17.333333333333332,1
P0074,2024-06,9,1423.98,158.22,0.058,977.31,Fasteners,S013,0.705,18.0,16.333333333333332,1
P0074,2024-07,7,1014.65,144.95,0.137,667.24,Fasteners,S013,0.705,9.0,11.333333333333334,1
P0074,2024-08,23,3518.68,151.78333333333333,0.09633333333333333,2377.19,Fasteners,S013,0.705,7.0,13.0,1
P0074,2024-09,26,3857.0699999999997,152.34,0.09300000000000001,2566.69,Fasteners,S013,0.705,23.0,18.666666666666668,1
P0074,2024-12,13,1836.25,141.25,0.159,1191.06,Fasteners,S013,0.705,26.0,20.666666666666668,1
P0074,2025-02,15,2368.2,157.88,0.06,1623.75,Fasteners,S013,0.705,13.0,18.0,1
P0075,2024-02,4,893.32,223.33,0.136,398.88,Maintenance,S011,0.522,,4.0,0
P0075,2024-03,12,3045.96,253.83,0.018,1562.64,Maintenance,S011,0.522,4.0,8.0,1
P0075,2024-05,29,7307.2,252.10333333333332,0.02466666666666667,3722.51,Maintenance,S011,0.522,12.0,15.0,1
P0075,2024-06,24,5506.66,229.01333333333332,0.11399999999999999,2540.02,Maintenance,S011,0.522,29.0,21.666666666666668,1
P0075,2024-09,38,9070.380000000001,239.16,0.07475,4373.2,Maintenance,S011,0.522,24.0,30.333333333333332,1
P0075,2024-10,29,6979.25,239.48250000000002,0.0735,3394.56,Maintenance,S011,0.522,38.0,30.333333333333332,1
P0075,2024-12,26,6192.26,235.39333333333335,0.08933333333333333,2978.4,Maintenance,S011,0.522,29.0,31.0,1
P0075,2025-02,8,2014.08,251.76,0.026,1025.2,Maintenance,S011,0.522,26.0,21.0,1
P0076,2024-01,5,902.0,180.4,0.154,207.0,Electrical,S004,0.348,,5.0,0
P0076,2024-03,20,3821.2,191.06,0.104,1041.2,Electrical,S004,0.348,5.0,12.5,1
P0076,2024-04,23,4661.02,194.155,0.0895,1464.02,Electrical,S004,0.348,20.0,16.0,1
P0076,2024-05,10,2051.4,205.14,0.038,661.4,Electrical,S004,0.348,23.0,17.666666666666668,1
P0076,2024-06,16,3333.3599999999997,208.33499999999998,0.023,1109.3600000000001,Electrical,S004,0.348,10.0,16.333333333333332,1
P0076,2024-07,13,2727.79,209.83,0.016,920.79,Electrical,S004,0.348,16.0,13.0,1
P0076,2024-08,19,3400.74,179.655,0.1575,759.74,Electrical,S004,0.348,13.0,16.0,1
P0076,2024-09,11,2066.46,187.86,0.119,537.46,Electrical,S004,0.348,19.0,14.333333333333334,1
P0076,2024-10,12,2416.4,202.89499999999998,0.0485,748.4000000000001,Electrical,S004,0.348,11.0,14.0,1
P0076,2024-11,19,3743.42,195.86,0.0815,1102.42,Electrical,S004,0.348,12.0,14.0,1
P0076,2024-12,58,11296.59,193.40833333333333,0.09299999999999999,3234.59,Electrical,S004,0.348,19.0,29.666666666666668,1
P0076,2025-01,10,2021.5,202.15,0.052,631.5,Electrical,S004,0.348,58.0,29.0,1
P0076,2025-02,8,1639.36,204.92,0.039,527.36,Electrical,S004,0.348,10.0,25.333333333333332,1
P0077,2024-01,11,2119.37,192.67,0.159,1581.8,Tools,S004,0.787,,11.0,0
P0077,2024-02,10,2155.8,215.58,0.059,1667.1,Tools,S004,0.787,11.0,10.5,1
P0077,2024-03,25,5209.35,207.79666666666665,0.09300000000000001,3987.6000000000004,Tools,S004,0.787,10.0,15.333333333333334,1
P0077,2024-04,10,1901.5,190.15,0.17,1412.8,Tools,S004,0.787,25.0,15.0,1
P0077,2024-06,28,6162.3,221.38666666666666,0.033666666666666664,4793.9400000000005,Tools,S004,0.787,10.0,21.0,1
P0077,2024-07,23,4861.99,208.02499999999998,0.092,3737.98,Tools,S004,0.787,28.0,20.333333333333332,1
P0077,2024-08,42,8848.23,210.84666666666666,0.07966666666666666,6795.6900000000005,Tools,S004,0.787,23.0,31.0,1
P0077,2024-09,28,6203.299999999999,219.4,0.042333333333333334,4834.94,Tools,S004,0.787,42.0,31.0,1
P0077,2024-10,25,5390.1900000000005,215.57999999999998,0.059,4168.44,Tools,S004,0.787,28.0,31.666666666666668,1
P0077,2024-11,19,4012.49,213.065,0.06999999999999999,3083.96,Tools,S004,0.787,25.0,24.0,1
P0077,2024-12,11,2401.63,218.33,0.047,1864.06,Tools,S004,0.787,19.0,18.333333333333332,1
P0077,2025-02,11,2106.83,191.53,0.164,1569.26,Tools,S004,0.787,11.0,13.666666666666666,1
P0078,2024-01,7,1766.17,252.31,0.021,833.42,Tools,S010,0.483,,7.0,0
P0078,2024-02,19,4826.08,253.85500000000002,0.015,2294.33,Tools,S010,0.483,7.0,13.0,1
P0078,2024-04,30,6963.360000000001,231.09,0.10333333333333333,2965.8599999999997,Tools,S010,0.483,19.0,18.666666666666668,1
P0078,2024-06,5,1230.6,246.12,0.045,564.35,Tools,S010,0.483,30.0,18.0,1
P0078,2024-07,27,6260.280000000001,235.98666666666668,0.08433333333333333,2662.5299999999997,Tools,S010,0.483,5.0,20.666666666666668,1
P0078,2024-08,9,2043.45,227.05,0.119,844.2,Tools,S010,0.483,27.0,13.666666666666666,1
P0078,2024-09,20,4991.1900000000005,248.825,0.0345,2326.19,Tools,S010,0.483,9.0,18.666666666666668,1
P0078,2024-10,11,2687.52,244.32,0.052,1221.77,Tools,S010,0.483,20.0,13.333333333333334,1
P0078,2024-11,15,3432.8,230.915,0.10400000000000001,1434.05,Tools,S010,0.483,11.0,15.333333333333334,1
P0078,2024-12,36,8977.68,248.26999999999998,0.03666666666666667,4180.68,Tools,S010,0.483,15.0,20.666666666666668,1
P0078,2025-01,12,2535.96,211.33,0.18,936.96,Tools,S010,0.483,36.0,21.0,1
P0078,2025-02,22,5185.610000000001,234.87,0.08866666666666667,2254.11,Tools,S010,0.483,12.0,23.333333333333332,1
P0079,2024-01,7,1876.84,268.12,0.064,1378.02,Fasteners,S005,0.751,,7.0,0
P0079,2024-02,23,5786.28,251.9325,0.1205,4147.3,Fasteners,S005,0.751,7.0,15.0,1
P0079,2024-04,7,1860.81,265.83,0.072,1361.99,Fasteners,S005,0.751,23.0,12.333333333333334,1
P0079,2024-05,14,3494.66,248.35000000000002,0.133,2497.02,Fasteners,S005,0.751,7.0,14.666666666666666,1
P0079,2024-06,9,2529.09,281.01,0.019,1887.75,Fasteners,S005,0.751,14.0,10.0,1
P0079,2024-07,11,2757.04,250.64,0.125,1973.18,Fasteners,S005,0.751,9.0,11.333333333333334,1
P0079,2024-08,10,2432.0,243.2,0.151,1719.4,Fasteners,S005,0.751,11.0,10.0,1
P0079,2024-09,12,3162.36,263.53,0.08,2307.24,Fasteners,S005,0.751,10.0,11.0,1
P0079,2024-10,15,4248.29,284.155,0.008,3179.39,Fasteners,S005,0.751,12.0,12.333333333333334,1
P0079,2024-11,13,3459.43,266.11,0.071,2533.05,Fasteners,S005,0.751,15.0,13.333333333333334,1
P0079,2024-12,33,8838.67,266.39750000000004,0.07,6487.09,Fasteners,S005,0.751,13.0,20.333333333333332,1
P0079,2025-01,39,9781.42,249.57,0.12875,7002.28,Fasteners,S005,0.751,33.0,28.333333333333332,1
P0080,2024-01,10,1045.1,104.51,0.115,-122.5,Tools,S009,0.011,,10.0,0
P0080,2024-02,8,875.76,109.47,0.073,-58.32,Tools,S009,0.011,10.0,9.0,1
P0080,2024-03,6,692.22,115.37,0.023,-8.34,Tools,S009,0.011,8.0,8.0,1
P0080,2024-04,12,1230.0,102.5,0.132,-171.12,Tools,S009,0.011,6.0,8.666666666666666,1
P0080,2024-05,13,1411.93,108.11500000000001,0.0845,-105.95,Tools,S009,0.011,12.0,10.333333333333334,1
P0080,2024-06,26,2661.06,101.44,0.141,-374.7,Tools,S009,0.011,13.0,17.0,1
P0080,2024-07,24,2613.08,108.76,0.079,-189.16000000000003,Tools,S009,0.011,26.0,21.0,1
P0080,2024-08,21,2376.5,113.245,0.040999999999999995,-75.46000000000001,Tools,S009,0.011,24.0,23.666666666666668,1
P0080,2024-09,47,5020.79,106.776,0.09580000000000001,-466.93,Tools,S009,0.011,21.0,30.666666666666668,1
P0080,2024-10,10,1134.8,113.48,0.039,-32.8,Tools,S009,0.011,47.0,26.0,1
P0080,2024-11,19,2006.9499999999998,105.1,0.11,-211.49,Tools,S009,0.011,10.0,25.333333333333332,1
P0080,2024-12,17,1902.95,106.75,0.096,-81.97,Tools,S009,0.011,19.0,15.333333333333334,1
P0081,2024-01,10,1153.0,115.3,0.11,-16.7,Tools,S003,0.097,,10.0,0
P0081,2024-02,33,3822.3100000000004,116.1425,0.1035,-37.699999999999996,Tools,S003,0.097,10.0,21.5,1
P0081,2024-04,31,3572.2,115.38666666666667,0.10933333333333334,-53.87,Tools,S003,0.097,33.0,24.666666666666668,1
P0081,2024-05,5,638.05,127.61,0.015,53.2,Tools,S003,0.097,31.0,23.0,1
P0081,2024-06,18,2222.5,122.81,0.052000000000000005,117.04,Tools,S003,0.097,5.0,18.0,1
P0081,2024-07,28,3167.78,112.58,0.131,-107.38,Tools,S003,0.097,18.0,17.0,1
P0081,2024-08,5,535.7,107.14,0.173,-49.15,Tools,S003,0.097,28.0,17.0,1
P0081,2024-09,21,2464.8599999999997,118.475,0.08549999999999999,8.489999999999995,Tools,S003,0.097,5.0,18.0,1
P0081,2024-10,45,4890.150000000001,111.49000000000001,0.13940000000000002,-373.5,Tools,S003,0.097,21.0,23.666666666666668,1
P0081,2024-11,8,905.84,113.23,0.126,-29.92,Tools,S003,0.097,45.0,24.666666666666668,1
P0081,2024-12,8,992.88,124.11,0.042,57.12,Tools,S003,0.097,8.0,20.333333333333332,1
P0081,2025-01,8,999.12,124.89,0.036,63.36,Tools,S003,0.097,8.0,8.0,1
P0082,2024-01,10,410.4,41.04,0.06,-591.1,Maintenance,S017,-1.294,,10.0,0
P0082,2024-02,11,399.63,36.33,0.168,-702.02,Maintenance,S017,-1.294,10.0,10.5,1
P0082,2024-03,17,644.3,37.9,0.132,-1058.25,Maintenance,S017,-1.294,11.0,12.666666666666666,1
P0082,2024-04,24,970.5999999999999,40.06,0.0825,-1433.0,Maintenance,S017,-1.294,17.0,17.333333333333332,1
P0082,2024-05,12,443.76,36.98,0.153,-758.04,Maintenance,S017,-1.294,24.0,17.666666666666668,1
P0082,2024-06,12,520.15,43.335,0.0075,-681.65,Maintenance,S017,-1.294,12.0,16.0,1
P0082,2024-07,7,253.96,36.28,0.169,-447.09,Maintenance,S017,-1.294,12.0,10.333333333333334,1
P0082,2024-09,20,809.9000000000001,40.495,0.07250000000000001,-1193.1,Maintenance,S017,-1.294,7.0,13.0,1
P0082,2024-10,12,515.04,42.92,0.017,-686.76,Maintenance,S017,-1.294,20.0,13.0,1
P0082,2024-12,28,1060.74,37.82333333333333,0.13366666666666668,-1743.46,Maintenance,S017,-1.294,12.0,20.0,1
P0083,2024-01,12,1997.09,167.365,0.1255,1714.73,Fasteners,S003,0.877,,12.0,0
P0083,2024-02,10,1714.8,171.48,0.104,1479.5,Fasteners,S003,0.877,12.0,11.0,1
P0083,2024-03,17,2834.51,166.595,0.1295,2434.5,Fasteners,S003,0.877,10.0,13.0,1
P0083,2024-05,12,2151.6800000000003,178.27,0.0685,1869.3200000000002,Fasteners,S003,0.877,17.0,13.0,1
P0083,2024-06,7,1188.25,169.75,0.113,1023.54,Fasteners,S003,0.877,12.0,12.0,1
P0083,2024-07,16,2635.33,165.54500000000002,0.135,2258.8500000000004,Fasteners,S003,0.877,7.0,11.666666666666666,1
P0083,2024-08,7,1149.4,164.2,0.142,984.69,Fasteners,S003,0.877,16.0,10.0,1
P0083,2024-09,10,1626.7,162.67,0.15,1391.4,Fasteners,S003,0.877,7.0,11.0,1
P0083,2024-10,33,5566.7,167.3625,0.1255,4790.21,Fasteners,S003,0.877,10.0,16.666666666666668,1
P0083,2024-11,9,1689.66,187.74,0.019,1477.89,Fasteners,S003,0.877,33.0,17.333333333333332,1
P0083,2024-12,16,2875.7,181.52499999999998,0.0515,2499.2200000000003,Fasteners,S003,0.877,9.0,19.333333333333332,1
P0083,2025-01,15,2390.13,159.515,0.1665,2037.1799999999998,Fasteners,S003,0.877,16.0,13.333333333333334,1
P0084,2024-01,25,547.25,22.115,0.148,-3244.5,Maintenance,S016,-4.842,,25.0,0
P0084,2024-02,37,901.12,24.378,0.06100000000000001,-4710.67,Maintenance,S016,-4.842,25.0,31.0,1
P0084,2024-03,16,380.24,23.950000000000003,0.0775,-2046.48,Maintenance,S016,-4.842,37.0,26.0,1
P0084,2024-06,16,376.15999999999997,23.509999999999998,0.0945,-2050.56,Maintenance,S016,-4.842,16.0,23.0,1
P0084,2024-07,12,268.2,22.35,0.139,-1551.84,Maintenance,S016,-4.842,16.0,14.666666666666666,1
P0084,2024-08,11,285.01,25.91,0.002,-1383.36,Maintenance,S016,-4.842,12.0,13.0,1
P0084,2024-09,11,246.18,22.38,0.138,-1422.19,Maintenance,S016,-4.842,11.0,11.333333333333334,1
P0084,2024-10,37,832.44,22.47,0.13433333333333333,-4779.35,Maintenance,S016,-4.842,11.0,19.666666666666668,1
P0084,2024-11,9,217.26,24.14,0.07,-1147.77,Maintenance,S016,-4.842,37.0,19.0,1
P0084,2024-12,21,507.36,24.52,0.055499999999999994,-2677.71,Maintenance,S016,-4.842,9.0,22.333333333333332,1
P0084,2025-02,13,333.06,25.62,0.013,-1638.65,Maintenance,S016,-4.842,21.0,14.333333333333334,1
P0085,2024-01,10,1345.0900000000001,135.735,0.1355,713.39,Maintenance,S004,0.598,,10.0,0
P0085,2024-02,21,3081.67,146.33499999999998,0.068,1755.1,Maintenance,S004,0.598,10.0,15.5,1
P0085,2024-03,7,1093.54,156.22,0.005,651.35,Maintenance,S004,0.598,21.0,12.666666666666666,1
P0085,2024-04,18,2424.1800000000003,134.79000000000002,0.14150000000000001,1287.12,Maintenance,S004,0.598,7.0,15.333333333333334,1
P0085,2024-05,14,2136.54,152.61,0.028,1252.16,Maintenance,S004,0.598,18.0,13.0,1
P0085,2024-06,16,2239.63,141.625,0.098,1228.9099999999999,Maintenance,S004,0.598,14.0,16.0,1
P0085,2024-08,25,3508.77,142.175,0.0945,1929.52,Maintenance,S004,0.598,16.0,18.333333333333332,1
P0085,2024-09,15,2148.87,145.315,0.07450000000000001,1201.3200000000002,Maintenance,S004,0.598,25.0,18.666666666666668,1
P0085,2024-12,17,2451.6800000000003,144.5,0.07966666666666666,1377.79,Maintenance,S004,0.598,15.0,19.0,1
P0085,2025-01,6,779.1,129.85,0.173,400.08,Maintenance,S004,0.598,17.0,12.666666666666666,1
P0086,2024-01,18,2796.05,155.055,0.14100000000000001,2074.61,Fasteners,S018,0.778,,18.0,0
P0086,2024-04,6,916.26,152.71,0.154,675.78,Fasteners,S018,0.778,18.0,12.0,1
P0086,2024-06,12,1865.04,155.42,0.139,1384.08,Fasteners,S018,0.778,6.0,12.0,1
P0086,2024-07,12,2151.0,179.25,0.007,1670.04,Fasteners,S018,0.778,12.0,10.0,1
P0086,2024-09,5,769.9,153.98,0.147,569.5,Fasteners,S018,0.778,12.0,9.666666666666666,1
P0086,2024-10,12,2064.3,172.025,0.047,1583.3400000000001,Fasteners,S018,0.778,5.0,9.666666666666666,1
P0086,2024-11,47,8164.0,172.885,0.042249999999999996,6280.24,Fasteners,S018,0.778,12.0,21.333333333333332,1
P0086,2024-12,12,2112.0,176.0,0.025,1631.04,Fasteners,S018,0.778,47.0,23.666666666666668,1
P0086,2025-01,5,857.4,171.48,0.05,657.0,Fasteners,S018,0.778,12.0,21.333333333333332,1
P0086,2025-02,17,2801.0,163.995,0.0915,2119.64,Fasteners,S018,0.778,5.0,11.333333333333334,1
P0087,2024-01,30,2785.93,93.52666666666666,0.08666666666666667,2335.63,,S017,0.853,,30.0,0
P0087,2024-02,37,3413.67,92.17999999999999,0.0998,2858.3,,S017,0.853,30.0,33.5,1
P0087,2024-03,45,4332.54,95.6925,0.0655,3657.09,,S017,0.853,37.0,37.333333333333336,1
P0087,2024-04,32,3074.31,96.63333333333333,0.05633333333333334,2593.99,,S017,0.853,45.0,38.0,1
P0087,2024-07,20,1761.3,88.065,0.13999999999999999,1461.1,,S017,0.853,32.0,32.333333333333336,1
P0087,2024-09,26,2257.71,86.835,0.152,1867.4499999999998,,S017,0.853,20.0,26.0,1
P0087,2024-10,27,2656.2799999999997,97.21333333333332,0.050666666666666665,2251.01,,S017,0.853,26.0,24.333333333333332,1
P0087,2024-11,27,2590.3900000000003,95.845,0.064,2185.12,,S017,0.853,27.0,26.666666666666668,1
P0087,2024-12,16,1426.99,89.245,0.1285,1186.83,,S017,0.853,27.0,23.333333333333332,1
P0087,2025-01,8,684.0,85.5,0.165,563.92,,S017,0.853,16.0,17.0,1
P0088,2024-01,20,3254.05,164.16500000000002,0.15899999999999997,1061.45,Maintenance,S007,0.438,,20.0,0
P0088,2024-02,18,2948.25,163.575,0.162,974.9100000000001,Maintenance,S007,0.438,20.0,19.0,1
P0088,2024-04,7,1265.32,180.76,0.074,497.91,Maintenance,S007,0.438,18.0,15.0,1
P0088,2024-07,23,4023.08,175.16,0.10266666666666667,1501.59,Maintenance,S007,0.438,7.0,16.0,1
P0088,2024-08,8,1407.04,175.88,0.099,530.0,Maintenance,S007,0.438,23.0,12.666666666666666,1
P0088,2024-09,12,2068.95,177.145,0.0925,753.3900000000001,Maintenance,S007,0.438,8.0,14.333333333333334,1
P0088,2024-10,15,2510.25,166.7,0.14600000000000002,865.8000000000001,Maintenance,S007,0.438,12.0,11.666666666666666,1
P0088,2024-12,4,734.72,183.68,0.059,296.2,Maintenance,S007,0.438,15.0,10.333333333333334,1
P0088,2025-01,12,1960.56,163.38,0.163,645.0,Maintenance,S007,0.438,4.0,10.333333333333334,1
P0088,2025-02,23,4075.3599999999997,173.98666666666668,0.10866666666666668,1553.87,Maintenance,S007,0.438,12.0,13.0,1
P0089,2024-01,22,475.72,21.66,0.10866666666666668,-2264.16,Electrical,S005,-4.125,,22.0,0
P0089,2024-02,24,507.12,21.266666666666666,0.125,-2481.84,Electrical,S005,-4.125,22.0,23.0,1
P0089,2024-03,17,389.59000000000003,22.865000000000002,0.059,-1727.59,Electrical,S005,-4.125,24.0,21.0,1
P0089,2024-05,6,136.62,22.77,0.063,-610.62,Electrical,S005,-4.125,17.0,15.666666666666666,1
P0089,2024-06,15,330.15,22.21,0.086,-1537.95,Electrical,S005,-4.125,6.0,12.666666666666666,1
P0089,2024-08,17,372.64,21.82,0.102,-1744.54,Electrical,S005,-4.125,15.0,12.666666666666666,1
P0089,2024-10,19,417.88,21.94,0.097,-1948.3799999999999,Electrical,S005,-4.125,17.0,17.0,1
P0089,2024-11,17,379.1,22.28,0.083,-1738.08,Electrical,S005,-4.125,19.0,17.666666666666668,1
P0089,2025-01,22,518.3,23.55,0.031,-2221.58,Electrical,S005,-4.125,17.0,19.333333333333332,1
P0089,2025-02,11,221.87,20.17,0.17,-1148.07,Electrical,S005,-4.125,22.0,16.666666666666668,1
P0090,2024-01,25,624.09,24.823333333333334,0.05933333333333333,352.84000000000003,Electrical,S012,0.589,,25.0,0
P0090,2024-04,23,554.3100000000001,24.03,0.0895,304.76,Electrical,S012,0.589,25.0,24.0,1
P0090,2024-05,19,435.7,22.975,0.1295,229.55,Electrical,S012,0.589,23.0,22.333333333333332,1
P0090,2024-06,10,251.2,25.12,0.048,142.7,Electrical,S012,0.589,19.0,17.333333333333332,1
P0090,2024-07,9,224.91,24.99,0.053,127.26,Electrical,S012,0.589,10.0,12.666666666666666,1
P0090,2024-08,35,812.5,23.1125,0.12425,432.75,Electrical,S012,0.589,9.0,18.0,1
P0090,2024-09,6,151.86,25.31,0.041,86.76,Electrical,S012,0.589,35.0,16.666666666666668,1
P0090,2024-10,28,672.14,24.383333333333336,0.076,368.34000000000003,Electrical,S012,0.589,6.0,23.0,1
P0090,2024-11,28,706.6099999999999,25.12,0.04800000000000001,402.81,Electrical,S012,0.589,28.0,20.666666666666668,1
P0090,2025-01,25,586.71,23.663333333333338,0.10333333333333333,315.46000000000004,Electrical,S012,0.589,28.0,27.0,1
P0090,2025-02,28,668.7,24.0,0.0905,364.9,Electrical,S012,0.589,25.0,27.0,1
P0091,2024-01,11,2875.07,261.37,0.017,1818.19,Tools,S017,0.639,,11.0,0
P0091,2024-04,16,3922.4,245.15,0.078,2385.12,Tools,S017,0.639,11.0,13.5,1
P0091,2024-05,18,4459.2300000000005,242.625,0.0875,2729.79,Tools,S017,0.639,16.0,15.0,1
P0091,2024-10,26,5989.42,236.11,0.11199999999999999,3491.34,Tools,S017,0.639,18.0,20.0,1
P0091,2025-02,21,5025.33,241.29500000000002,0.0925,3007.6499999999996,Tools,S017,0.639,26.0,21.666666666666668,1
P0092,2024-01,33,3710.73,113.03,0.09475,2161.05,Electrical,S013,0.624,,33.0,0
P0092,2024-03,11,1229.25,111.75,0.105,712.69,Electrical,S013,0.624,33.0,22.0,1
P0092,2024-04,16,1844.0,115.25,0.077,1092.64,Electrical,S013,0.624,11.0,20.0,1
P0092,2024-05,9,1040.58,115.62,0.074,617.94,Electrical,S013,0.624,16.0,12.0,1
P0092,2024-06,12,1276.56,107.94,0.1355,713.04,Electrical,S013,0.624,9.0,12.333333333333334,1
P0092,2024-07,7,838.18,119.74,0.041,509.46,Electrical,S013,0.624,12.0,9.333333333333334,1
P0092,2024-08,20,2278.6400000000003,113.62,0.09,1339.44,Electrical,S013,0.624,7.0,13.0,1
P0092,2024-09,38,4348.78,114.3725,0.084,2564.3,Electrical,S013,0.624,20.0,21.666666666666668,1
P0092,2024-10,14,1725.04,123.11,0.014,1067.6,Electrical,S013,0.624,38.0,24.0,1
P0092,2024-11,28,3298.96,117.49000000000001,0.059,1984.08,Electrical,S013,0.624,14.0,26.666666666666668,1
P0092,2024-12,6,731.16,121.86,0.024,449.4,Electrical,S013,0.624,28.0,16.0,1
P0092,2025-01,18,1913.76,106.32,0.14850000000000002,1068.48,Electrical,S013,0.624,6.0,17.333333333333332,1
P0092,2025-02,23,2535.67,110.37666666666667,0.11599999999999999,1455.5900000000001,Electrical,S013,0.624,18.0,15.666666666666666,1
P0093,2024-01,38,1876.62,49.542500000000004,0.07825,-2644.24,Tools,S003,-1.213,,38.0,0
P0093,2024-03,18,880.46,49.209999999999994,0.0845,-1261.0,Tools,S003,-1.213,38.0,28.0,1
P0093,2024-05,26,1331.6,51.55,0.041,-1761.6200000000001,Tools,S003,-1.213,18.0,27.333333333333332,1
P0093,2024-08,4,199.72,49.93,0.071,-276.16,Tools,S003,-1.213,26.0,16.0,1
P0093,2024-09,10,477.3,47.73,0.112,-712.4,Tools,S003,-1.213,4.0,13.333333333333334,1
P0093,2024-11,23,1032.25,44.775,0.16699999999999998,-1704.06,Tools,S003,-1.213,10.0,12.333333333333334,1
P0093,2024-12,8,370.64,46.33,0.138,-581.12,Tools,S003,-1.213,23.0,13.666666666666666,1
P0093,2025-01,23,1089.61,47.46333333333333,0.11699999999999999,-1646.7,Tools,S003,-1.213,8.0,18.0,1
P0093,2025-02,17,897.22,52.730000000000004,0.019000000000000003,-1125.27,Tools,S003,-1.213,23.0,16.0,1
P0094,2024-01,25,4057.25,162.255,0.069,3107.5,Industrial Supplies,S009,0.782,,25.0,0
P0094,2024-02,9,1566.99,174.11,0.001,1225.08,Industrial Supplies,S009,0.782,25.0,17.0,1
P0094,2024-04,24,3763.84,156.90666666666667,0.09966666666666667,2852.08,Industrial Supplies,S009,0.782,9.0,19.333333333333332,1
P0094,2024-05,28,4354.95,155.63333333333333,0.107,3291.23,Industrial Supplies,S009,0.782,24.0,20.333333333333332,1
P0094,2024-06,8,1165.6,145.7,0.164,861.68,Industrial Supplies,S009,0.782,28.0,20.0,1
P0094,2024-08,5,797.35,159.47,0.085,607.4,Industrial Supplies,S009,0.782,8.0,13.666666666666666,1
P0094,2024-09,20,3077.16,158.25,0.092,2317.3599999999997,Industrial Supplies,S009,0.782,5.0,11.0,1
P0094,2024-10,8,1312.0,164.0,0.059,1008.08,Industrial Supplies,S009,0.782,20.0,11.0,1
P0094,2024-11,12,1863.36,155.28,0.109,1407.48,Industrial Supplies,S009,0.782,8.0,13.333333333333334,1
P0094,2024-12,7,1197.98,171.14,0.018,932.05,Industrial Supplies,S009,0.782,12.0,9.0,1
P0094,2025-01,23,3626.49,158.075,0.093,2752.7200000000003,Industrial Supplies,S009,0.782,7.0,14.0,1
P0094,2025-02,24,3665.33,153.42666666666665,0.11966666666666666,2753.5699999999997,Industrial Supplies,S009,0.782,23.0,18.0,1
P0095,2024-01,30,6951.09,234.6725,0.06075,3145.89,Fasteners,S017,0.492,,30.0,0
P0095,2024-02,15,3322.71,220.49,0.11750000000000001,1420.11,Fasteners,S017,0.492,30.0,22.5,1
P0095,2024-03,27,6078.84,226.9466666666667,0.09166666666666667,2654.16,Fasteners,S017,0.492,15.0,24.0,1
P0095,2024-05,19,4530.98,237.23000000000002,0.0505,2121.02,Fasteners,S017,0.492,27.0,20.333333333333332,1
P0095,2024-07,8,1825.4099999999999,227.115,0.091,810.69,Fasteners,S017,0.492,19.0,18.0,1
P0095,2024-09,11,2572.46,233.86,0.064,1177.22,Fasteners,S017,0.492,8.0,12.666666666666666,1
P0095,2024-10,14,3361.4700000000003,240.10500000000002,0.039,1585.71,Fasteners,S017,0.492,11.0,11.0,1
P0095,2024-11,12,2941.2,245.1,0.019,1419.12,Fasteners,S017,0.492,14.0,12.333333333333334,1
P0095,2024-12,28,6424.24,230.365,0.078,2872.7200000000003,Fasteners,S017,0.492,12.0,18.0,1
P0095,2025-01,16,3533.84,220.865,0.11599999999999999,1504.4,Fasteners,S017,0.492,28.0,18.666666666666668,1
P0095,2025-02,8,1661.04,207.63,0.169,646.32,Fasteners,S017,0.492,16.0,17.333333333333332,1
P0096,2024-01,35,2532.98,71.85666666666667,0.111,-75.22,,S017,0.078,,35.0,0
P0096,2024-04,47,3518.4700000000003,75.58,0.065,16.030000000000005,,S017,0.078,35.0,41.0,1
P0096,2024-05,8,582.0,72.75,0.1,-14.16,,S017,0.078,47.0,30.0,1
P0096,2024-06,25,1938.0900000000001,77.46333333333332,0.041666666666666664,75.09,,S017,0.078,8.0,26.666666666666668,1
P0096,2024-07,22,1617.2600000000002,74.405,0.0795,-22.18,,S017,0.078,25.0,18.333333333333332,1
P0096,2024-08,8,619.88,77.88,0.036500000000000005,23.72,,S017,0.078,22.0,18.333333333333332,1
P0096,2024-10,27,1855.79,68.73,0.14966666666666667,-156.25,,S017,0.078,8.0,19.0,1
P0096,2024-11,19,1360.04,72.06,0.1085,-55.84,,S017,0.078,27.0,18.0,1
P0096,2024-12,14,995.82,71.13,0.12,-47.46,,S017,0.078,19.0,20.0,1
P0096,2025-01,17,1248.8600000000001,73.315,0.093,-17.98,,S017,0.078,14.0,16.666666666666668,1
P0096,2025-02,36,2615.25,71.6125,0.11399999999999999,-67.47,,S017,0.078,17.0,22.333333333333332,1
P0097,2024-01,8,1628.4,203.55,0.007,275.44,Fasteners,S020,0.175,,8.0,0
P0097,2024-02,21,3925.77,184.41333333333333,0.10033333333333333,374.25,Fasteners,S020,0.175,8.0,14.5,1
P0097,2024-06,42,7932.55,189.4025,0.076,829.51,Fasteners,S020,0.175,21.0,23.666666666666668,1
P0097,2024-07,11,1930.06,175.46,0.144,69.74,Fasteners,S020,0.175,42.0,24.666666666666668,1
P0097,2024-08,7,1314.32,187.76,0.084,130.48,Fasteners,S020,0.175,11.0,20.0,1
P0097,2024-09,9,1719.36,191.04,0.068,197.28,Fasteners,S020,0.175,7.0,9.0,1
P0097,2024-11,5,1004.4,200.88,0.02,158.8,Fasteners,S020,0.175,9.0,7.0,1
P0097,2024-12,8,1379.12,172.39,0.159,26.16,Fasteners,S020,0.175,5.0,7.333333333333333,1
P0097,2025-01,16,2748.32,171.77,0.162,42.4,Fasteners,S020,0.175,8.0,9.666666666666666,1
P0097,2025-02,5,912.15,182.43,0.11,66.55,Fasteners,S020,0.175,16.0,9.666666666666666,1
P0098,2024-01,6,237.3,39.55,0.036,47.4,Electrical,S016,0.229,,6.0,0
P0098,2024-02,22,809.74,36.57,0.10866666666666665,113.44,Electrical,S016,0.229,6.0,14.0,1
P0098,2024-04,7,247.03,35.29,0.14,25.48,Electrical,S016,0.229,22.0,11.666666666666666,1
P0098,2024-05,6,234.12,39.02,0.049,44.22,Electrical,S016,0.229,7.0,11.666666666666666,1
P0098,2024-06,9,336.06,37.34,0.09,51.21,Electrical,S016,0.229,6.0,7.333333333333333,1
P0098,2024-07,9,363.87,40.375,0.016,79.02000000000001,Electrical,S016,0.229,9.0,8.0,1
P0098,2024-08,6,218.88,36.48,0.111,28.98,Electrical,S016,0.229,9.0,8.0,1
P0098,2024-09,7,282.03,40.29,0.018,60.48,Electrical,S016,0.229,6.0,7.333333333333333,1
P0098,2024-11,20,715.56,35.655,0.131,82.56,Electrical,S016,0.229,7.0,11.0,1
P0098,2024-12,23,830.81,36.32333333333333,0.11466666666666668,102.86,Electrical,S016,0.229,20.0,16.666666666666668,1
P0098,2025-01,20,689.6400000000001,35.49,0.135,56.64,Electrical,S016,0.229,23.0,21.0,1
P0099,2024-01,19,538.37,28.25,0.0815,-728.1700000000001,Industrial Supplies,S013,-1.167,,19.0,0
P0099,2024-03,22,626.38,28.255000000000003,0.0815,-840.14,Industrial Supplies,S013,-1.167,19.0,20.5,1
P0099,2024-04,33,920.3,27.77,0.09725,-1279.48,Industrial Supplies,S013,-1.167,22.0,24.666666666666668,1
P0099,2024-06,17,456.37,27.035,0.121,-676.85,Industrial Supplies,S013,-1.167,33.0,24.0,1
P0099,2024-07,23,667.21,28.835,0.0625,-865.97,Industrial Supplies,S013,-1.167,17.0,24.333333333333332,1
P0099,2024-09,15,421.98,27.96,0.091,-577.9200000000001,Industrial Supplies,S013,-1.167,23.0,18.333333333333332,1
P0099,2024-10,22,619.28,27.98,0.0905,-847.24,Industrial Supplies,S013,-1.167,15.0,20.0,1
P0099,2024-11,11,325.16,29.56,0.039,-408.1,Industrial Supplies,S013,-1.167,22.0,16.0,1
P0099,2024-12,10,267.6,26.76,0.13,-399.0,Industrial Supplies,S013,-1.167,11.0,14.333333333333334,1
P0099,2025-02,32,908.26,28.37,0.07766666666666668,-1224.86,Industrial Supplies,S013,-1.167,10.0,17.666666666666668,1
P0100,2024-02,19,2981.02,156.07999999999998,0.11850000000000001,2458.1400000000003,,S019,0.845,,19.0,0
P0100,2024-03,6,977.4,162.9,0.08,812.28,,S019,0.845,19.0,12.5,1
P0100,2024-09,31,5203.8099999999995,169.44666666666666,0.043000000000000003,4350.6900000000005,,S019,0.845,6.0,18.666666666666668,1
P0100,2024-12,6,1056.0,176.0,0.006,890.88,,S019,0.845,31.0,14.333333333333334,1
P0100,2025-02,8,1259.28,157.41,0.111,1039.12,,S019,0.845,6.0,15.0,1
P0101,2024-03,6,994.08,165.68,0.079,-8.22,Electrical,S017,0.071,,6.0,0
P0101,2024-04,13,2128.81,162.8,0.095,-42.839999999999996,Electrical,S017,0.071,6.0,9.5,1
P0101,2024-05,9,1355.13,150.57,0.163,-148.32,Electrical,S017,0.071,13.0,9.333333333333334,1
P0101,2024-06,14,2227.7200000000003,159.02,0.11599999999999999,-110.97999999999999,Electrical,S017,0.071,9.0,12.0,1
P0101,2024-07,10,1574.0,157.4,0.125,-96.5,Electrical,S017,0.071,14.0,11.0,1
P0101,2024-08,21,3630.63,172.78,0.0395,122.58000000000001,Electrical,S017,0.071,10.0,15.0,1
P0101,2024-10,16,2714.55,170.535,0.052000000000000005,41.75,Electrical,S017,0.071,21.0,15.666666666666666,1
P0101,2024-12,12,1828.44,152.37,0.153,-176.16,Electrical,S017,0.071,16.0,16.333333333333332,1
P0101,2025-01,36,5454.11,152.3225,0.15325,-559.69,Electrical,S017,0.071,12.0,21.333333333333332,1
P0101,2025-02,27,4431.24,163.43,0.0915,-79.10999999999999,Electrical,S017,0.071,36.0,25.0,1
P0102,2024-01,10,2010.4,201.04,0.04,421.4,Industrial Supplies,S004,0.241,,10.0,0
P0102,2024-02,28,5406.04,192.25,0.082,956.84,Industrial Supplies,S004,0.241,10.0,19.0,1
P0102,2024-03,6,1134.66,189.11,0.097,181.26,Industrial Supplies,S004,0.241,28.0,14.666666666666666,1
P0102,2024-05,13,2624.44,201.88,0.036,558.74,Industrial Supplies,S004,0.241,6.0,15.666666666666666,1
P0102,2024-06,15,2864.91,192.45999999999998,0.081,481.40999999999997,Industrial Supplies,S004,0.241,13.0,11.333333333333334,1
P0102,2024-10,12,2289.36,190.78,0.089,382.56,Industrial Supplies,S004,0.241,15.0,13.333333333333334,1
P0102,2024-11,15,2854.8199999999997,189.735,0.094,471.32000000000005,Industrial Supplies,S004,0.241,12.0,14.0,1
P0102,2024-12,35,6955.01,201.53,0.03766666666666667,1393.51,Industrial Supplies,S004,0.241,15.0,20.666666666666668,1
P0102,2025-01,15,2744.2400000000002,191.305,0.0865,360.74,Industrial Supplies,S004,0.241,35.0,21.666666666666668,1
P0102,2025-02,10,1761.2,176.12,0.159,172.2,Industrial Supplies,S004,0.241,15.0,20.0,1
P0103,2024-01,17,3513.13,207.26,0.1235,2622.84,Industrial Supplies,S012,0.779,,17.0,0
P0103,2024-03,20,4183.0,209.14999999999998,0.11549999999999999,3135.6,Industrial Supplies,S012,0.779,17.0,18.5,1
P0103,2024-04,20,4121.52,207.14,0.124,3074.12,Industrial Supplies,S012,0.779,20.0,19.0,1
P0103,2024-05,7,1390.41,198.63,0.16,1023.82,Industrial Supplies,S012,0.779,20.0,15.666666666666666,1
P0103,2024-06,18,3726.64,207.495,0.1225,2783.98,Industrial Supplies,S012,0.779,7.0,15.0,1
P0103,2024-07,25,5530.139999999999,221.565,0.063,4220.889999999999,Industrial Supplies,S012,0.779,18.0,16.666666666666668,1
P0103,2024-08,19,4239.08,222.985,0.057,3244.05,Industrial Supplies,S012,0.779,25.0,20.666666666666668,1
P0103,2024-10,11,2242.13,203.83,0.138,1666.06,Industrial Supplies,S012,0.779,19.0,18.333333333333332,1
P0103,2024-11,8,1666.56,208.32,0.119,1247.6,Industrial Supplies,S012,0.779,11.0,12.666666666666666,1
P0103,2024-12,6,1400.34,233.39,0.013,1086.12,Industrial Supplies,S012,0.779,8.0,8.333333333333334,1
P0103,2025-01,12,2675.0299999999997,221.20499999999998,0.0645,2046.59,Industrial Supplies,S012,0.779,6.0,8.666666666666666,1
P0104,2024-01,16,4734.72,293.4,0.0615,2790.3999999999996,Industrial Supplies,S009,0.611,,16.0,0
P0104,2024-03,27,7479.08,276.83500000000004,0.1145,4198.04,Industrial Supplies,S009,0.611,16.0,21.5,1
P0104,2024-04,9,2377.53,264.17,0.155,1283.85,Industrial Supplies,S009,0.611,27.0,17.333333333333332,1
P0104,2024-05,13,3356.99,258.23,0.174,1777.23,Industrial Supplies,S009,0.611,9.0,16.333333333333332,1
P0104,2024-06,18,4911.42,273.395,0.1255,2724.06,Industrial Supplies,S009,0.611,13.0,13.333333333333334,1
P0104,2024-07,20,5539.84,282.62,0.09599999999999999,3109.44,Industrial Supplies,S009,0.611,18.0,17.0,1
P0104,2024-08,8,2483.52,310.44,0.007,1511.36,Industrial Supplies,S009,0.611,20.0,15.333333333333334,1
P0104,2024-09,13,3617.74,278.865,0.10800000000000001,2037.98,Industrial Supplies,S009,0.611,8.0,13.666666666666666,1
P0104,2024-10,39,11258.7,287.54,0.08025,6519.42,Industrial Supplies,S009,0.611,13.0,20.0,1
P0104,2024-11,15,3999.21,266.52,0.1475,2176.41,Industrial Supplies,S009,0.611,39.0,22.333333333333332,1
P0104,2025-01,6,1650.66,275.11,0.12,921.54,Industrial Supplies,S009,0.611,15.0,20.0,1
P0104,2025-02,6,1588.8,264.8,0.153,859.68,Industrial Supplies,S009,0.611,6.0,9.0,1
P0105,2024-01,7,1175.93,167.99,0.026,136.01,Industrial Supplies,S019,0.139,,7.0,0
P0105,2024-05,6,927.18,154.53,0.104,35.82,Industrial Supplies,S019,0.139,7.0,6.5,1
P0105,2024-06,22,3595.94,160.39499999999998,0.07,327.62,Industrial Supplies,S019,0.139,6.0,11.666666666666666,1
P0105,2024-09,5,773.55,154.71,0.103,30.75,Industrial Supplies,S019,0.139,22.0,11.0,1
P0105,2024-10,7,999.67,142.81,0.172,-40.25,Industrial Supplies,S019,0.139,5.0,11.333333333333334,1
P0105,2024-12,23,3376.46,147.75,0.14333333333333334,-40.42,Industrial Supplies,S019,0.139,7.0,11.666666666666666,1
P0105,2025-02,9,1383.03,153.67,0.109,45.99,Industrial Supplies,S019,0.139,23.0,13.0,1
P0106,2024-01,20,1961.8000000000002,98.12,0.1355,-108.0,Fasteners,S012,0.088,,20.0,0
P0106,2024-02,21,2122.89,99.765,0.121,-50.39999999999999,Fasteners,S012,0.088,20.0,20.5,1
P0106,2024-03,20,2155.49,107.56,0.052333333333333336,85.69,Fasteners,S012,0.088,21.0,20.333333333333332,1
P0106,2024-04,25,2414.17,96.58500000000001,0.149,-173.08,Fasteners,S012,0.088,20.0,22.0,1
P0106,2024-05,28,2818.92,100.29666666666667,0.11633333333333333,-78.8,Fasteners,S012,0.088,25.0,24.333333333333332,1
P0106,2024-06,11,1241.02,112.82,0.006,102.63,Fasteners,S012,0.088,28.0,21.333333333333332,1
P0106,2024-07,31,3220.9,105.06333333333333,0.07433333333333333,12.709999999999994,Fasteners,S012,0.088,11.0,23.333333333333332,1
P0106,2024-08,11,1073.94,97.44,0.14150000000000001,-64.45,Fasteners,S012,0.088,31.0,17.666666666666668,1
P0106,2024-10,6,571.38,95.23,0.161,-49.56,Fasteners,S012,0.088,11.0,16.0,1
P0106,2024-11,5,484.65,96.93,0.146,-32.8,Fasteners,S012,0.088,6.0,7.333333333333333,1
P0106,2024-12,7,703.92,100.56,0.114,-20.51,Fasteners,S012,0.088,5.0,6.0,1
P0106,2025-01,17,1751.29,102.83000000000001,0.094,-8.04,Fasteners,S012,0.088,7.0,9.666666666666666,1
P0106,2025-02,21,2151.64,100.82666666666667,0.11166666666666665,-21.650000000000002,Fasteners,S012,0.088,17.0,15.0,1
P0107,2024-01,19,4411.24,232.03500000000003,0.099,2528.34,Safety,S009,0.615,,19.0,0
P0107,2024-02,11,2662.88,242.08,0.06,1572.78,Safety,S009,0.615,19.0,15.0,1
P0107,2024-04,20,4788.539999999999,235.38333333333333,0.08600000000000001,2806.54,Safety,S009,0.615,11.0,16.666666666666668,1
P0107,2024-05,25,5527.32,220.82999999999998,0.14250000000000002,3049.82,Safety,S009,0.615,20.0,18.666666666666668,1
P0107,2024-06,7,1707.16,243.88,0.053,1013.46,Safety,S009,0.615,25.0,17.333333333333332,1
P0107,2024-07,7,1665.72,237.96,0.076,972.02,Safety,S009,0.615,7.0,13.0,1
P0107,2024-08,7,1544.9,220.7,0.143,851.2,Safety,S009,0.615,7.0,7.0,1
P0107,2024-09,7,1494.43,213.49,0.171,800.73,Safety,S009,0.615,7.0,7.0,1
P0107,2024-11,25,6245.08,248.86,0.033666666666666664,3767.58,Safety,S009,0.615,7.0,13.0,1
P0107,2024-12,10,2338.4,233.84,0.092,1347.4,Safety,S009,0.615,25.0,14.0,1
P0107,2025-01,41,8991.21,222.7,0.13525,4928.110000000001,Safety,S009,0.615,10.0,25.333333333333332,1
P0107,2025-02,6,1274.76,212.46,0.175,680.16,Safety,S009,0.615,41.0,19.0,1
P0108,2024-03,11,1010.24,91.84,0.059,464.64,,S007,0.492,,11.0,0
P0108,2024-05,8,671.52,83.94,0.14,274.72,,S007,0.492,11.0,9.5,1
P0108,2024-06,21,1937.3400000000001,92.28,0.0545,895.74,,S007,0.492,8.0,13.333333333333334,1
P0108,2024-08,18,1622.12,89.695,0.081,729.3199999999999,,S007,0.492,21.0,15.666666666666666,1
P0108,2024-09,20,1823.78,91.42,0.06333333333333334,831.78,,S007,0.492,18.0,19.666666666666668,1
P0108,2024-10,25,2210.54,88.65333333333332,0.09166666666666667,970.54,,S007,0.492,20.0,21.0,1
P0108,2024-11,37,3360.22,90.745,0.07025,1525.02,,S007,0.492,25.0,27.333333333333332,1
P0108,2024-12,9,822.15,91.35,0.064,375.75,,S007,0.492,37.0,23.666666666666668,1
P0108,2025-02,11,937.29,84.33,0.136,391.69,,S007,0.492,9.0,19.0,1
P0109,2024-01,17,2248.88,132.44,0.1105,1840.71,Industrial Supplies,S014,0.839,,17.0,0
P0109,2024-02,8,1085.1399999999999,138.02499999999998,0.073,893.06,Industrial Supplies,S014,0.839,17.0,12.5,1
P0109,2024-03,17,2399.49,143.23,0.038,1991.3200000000002,Industrial Supplies,S014,0.839,8.0,14.0,1
P0109,2024-04,20,2712.1099999999997,134.675,0.0955,2231.91,Industrial Supplies,S014,0.839,17.0,15.0,1
P0109,2024-05,28,3919.21,138.91333333333333,0.067,3246.9300000000003,Industrial Supplies,S014,0.839,20.0,21.666666666666668,1
P0109,2024-06,11,1544.4,140.4,0.057,1280.29,Industrial Supplies,S014,0.839,28.0,19.666666666666668,1
P0109,2024-07,13,1824.97,135.715,0.08850000000000001,1512.84,Industrial Supplies,S014,0.839,11.0,17.333333333333332,1
P0109,2024-08,17,2372.09,139.95499999999998,0.06,1963.92,Industrial Supplies,S014,0.839,13.0,13.666666666666666,1
P0109,2024-09,11,1418.34,128.94,0.134,1154.23,Industrial Supplies,S014,0.839,17.0,13.666666666666666,1
P0109,2024-10,18,2393.55,137.27499999999998,0.078,1961.3700000000001,Industrial Supplies,S014,0.839,11.0,15.333333333333334,1
P0109,2024-11,27,3817.02,142.28666666666666,0.044333333333333336,3168.75,Industrial Supplies,S014,0.839,18.0,18.666666666666668,1
P0109,2024-12,5,620.15,124.03,0.167,500.1,Industrial Supplies,S014,0.839,27.0,16.666666666666668,1
P0109,2025-01,14,1946.84,139.06,0.066,1610.7,Industrial Supplies,S014,0.839,5.0,15.333333333333334,1
P0109,2025-02,9,1147.05,127.45,0.144,930.96,Industrial Supplies,S014,0.839,14.0,9.333333333333334,1
P0110,2024-01,8,288.08,36.01,0.075,-1010.48,Safety,S020,-3.17,,8.0,0
P0110,2024-02,27,974.39,35.72666666666667,0.08233333333333333,-3408.25,Safety,S020,-3.17,8.0,17.5,1
P0110,2024-04,11,397.87,36.17,0.071,-1387.65,Safety,S020,-3.17,27.0,15.333333333333334,1
P0110,2024-05,8,263.44,32.93,0.154,-1035.12,Safety,S020,-3.17,11.0,15.333333333333334,1
P0110,2024-06,29,986.83,33.75333333333334,0.133,-3720.45,Safety,S020,-3.17,8.0,16.0,1
P0110,2024-07,42,1484.47,35.456,0.0892,-5332.97,Safety,S020,-3.17,29.0,26.333333333333332,1
P0110,2024-08,38,1348.08,35.695,0.08299999999999999,-4820.08,Safety,S020,-3.17,42.0,36.333333333333336,1
P0110,2024-09,11,372.35,33.595,0.137,-1413.17,Safety,S020,-3.17,38.0,30.333333333333332,1
P0110,2024-10,7,243.11,34.73,0.108,-893.13,Safety,S020,-3.17,11.0,18.666666666666668,1
P0110,2024-11,21,769.79,36.32,0.067,-2638.93,Safety,S020,-3.17,7.0,13.0,1
P0110,2025-01,11,406.34,36.94,0.051,-1379.18,Safety,S020,-3.17,21.0,13.0,1
P0110,2025-02,3,112.35,37.45,0.038,-374.61,Safety,S020,-3.17,11.0,11.666666666666666,1
P0111,2024-01,7,153.37,21.91,0.036,-986.72,Safety,S019,-6.165,,7.0,0
P0111,2024-02,23,459.1,19.936666666666667,0.123,-3286.91,Safety,S019,-6.165,7.0,15.0,1
P0111,2024-03,25,507.59000000000003,20.296666666666667,0.107,-3564.16,Safety,S019,-6.165,23.0,18.333333333333332,1
P0111,2024-04,8,169.28,21.16,0.069,-1133.68,Safety,S019,-6.165,25.0,18.666666666666668,1
P0111,2024-05,46,954.35,20.955000000000002,0.078,-6537.67,Safety,S019,-6.165,8.0,26.333333333333332,1
P0111,2024-06,26,551.01,21.19333333333333,0.06766666666666667,-3683.61,Safety,S019,-6.165,46.0,26.666666666666668,1
P0111,2024-07,11,213.73,19.43,0.145,-1577.84,Safety,S019,-6.165,26.0,27.666666666666668,1
P0111,2024-09,11,227.04,20.64,0.092,-1564.53,Safety,S019,-6.165,11.0,16.0,1
P0111,2024-10,42,862.21,20.66,0.09100000000000001,-5978.33,Safety,S019,-6.165,11.0,21.333333333333332,1
P0111,2024-11,11,206.47,18.77,0.174,-1585.1,Safety,S019,-6.165,42.0,21.333333333333332,1
P0111,2025-01,18,389.86,21.55,0.052,-2541.8,Safety,S019,-6.165,11.0,23.666666666666668,1
P0111,2025-02,20,423.88,21.293333333333333,0.06333333333333334,-2833.52,Safety,S019,-6.165,18.0,16.333333333333332,1
P0112,2024-01,14,4216.8,301.2,0.024,2580.34,Industrial Supplies,S015,0.621,,14.0,0
P0112,2024-02,7,1829.73,261.39,0.153,1011.5,Industrial Supplies,S015,0.621,14.0,10.5,1
P0112,2024-03,11,2888.93,262.63,0.149,1603.14,Industrial Supplies,S015,0.621,7.0,10.666666666666666,1
P0112,2024-04,9,2319.21,257.69,0.165,1267.2,Industrial Supplies,S015,0.621,11.0,9.0,1
P0112,2024-05,17,4926.950000000001,293.95000000000005,0.0475,2939.8199999999997,Industrial Supplies,S015,0.621,9.0,12.333333333333334,1
P0112,2024-07,22,6230.82,285.155,0.076,3659.24,Industrial Supplies,S015,0.621,17.0,16.0,1
P0112,2024-08,10,2759.0,275.9,0.106,1590.1,Industrial Supplies,S015,0.621,22.0,16.333333333333332,1
P0112,2024-10,46,12999.38,286.762,0.0708,7622.4400000000005,Industrial Supplies,S015,0.621,10.0,26.0,1
P0112,2024-12,18,4945.200000000001,274.66499999999996,0.11,2841.1800000000003,Industrial Supplies,S015,0.621,46.0,24.666666666666668,1
P0112,2025-02,39,11456.76,294.7975,0.04475,6898.05,Industrial Supplies,S015,0.621,18.0,34.333333333333336,1
P0113,2024-01,20,4955.25,249.9,0.07433333333333332,3629.05,Safety,S016,0.754,,20.0,0
P0113,2024-02,11,2476.65,225.15,0.166,1747.24,Safety,S016,0.754,20.0,15.5,1
P0113,2024-03,6,1533.96,255.66,0.053,1136.1,Safety,S016,0.754,11.0,12.333333333333334,1
P0113,2024-04,21,5059.71,241.35000000000002,0.10600000000000001,3667.2,Safety,S016,0.754,6.0,12.666666666666666,1
P0113,2024-05,17,4172.610000000001,244.995,0.0925,3045.34,Safety,S016,0.754,21.0,14.666666666666666,1
P0113,2024-08,15,3560.8500000000004,241.62,0.105,2566.2,Safety,S016,0.754,17.0,17.666666666666668,1
P0113,2024-09,8,1842.24,230.28,0.147,1311.76,Safety,S016,0.754,15.0,13.333333333333334,1
P0113,2024-10,46,10932.96,241.015,0.10725,7882.700000000001,Safety,S016,0.754,8.0,23.0,1
P0113,2024-11,12,2989.08,252.95999999999998,0.063,2193.3599999999997,Safety,S016,0.754,46.0,22.0,1
P0113,2024-12,10,2502.6,250.26,0.073,1839.5,Safety,S016,0.754,12.0,22.666666666666668,1
P0113,2025-01,10,2483.7,248.37,0.08,1820.6,Safety,S016,0.754,10.0,10.666666666666666,1
P0113,2025-02,5,1252.65,250.53,0.072,921.1,Safety,S016,0.754,10.0,8.333333333333334,1
P0114,2024-01,7,1540.0,220.0,0.032,1063.58,Electrical,S005,0.701,,7.0,0
P0114,2024-02,16,3396.08,212.61,0.0645,2307.12,Electrical,S005,0.701,7.0,11.5,1
P0114,2024-05,26,5554.44,212.95000000000002,0.063,3784.88,Electrical,S005,0.701,16.0,16.333333333333332,1
P0114,2024-06,8,1678.16,209.77,0.077,1133.68,Electrical,S005,0.701,26.0,16.666666666666668,1
P0114,2024-07,23,5052.59,219.08499999999998,0.036000000000000004,3487.21,Electrical,S005,0.701,8.0,19.0,1
P0114,2024-11,6,1190.46,198.41,0.127,782.1,Electrical,S005,0.701,23.0,12.333333333333334,1
P0114,2024-12,13,2710.01,206.70499999999998,0.0905,1825.23,Electrical,S005,0.701,6.0,14.0,1
P0114,2025-01,14,2753.12,196.7,0.1345,1800.2800000000002,Electrical,S005,0.701,13.0,11.0,1
P0114,2025-02,24,4884.48,203.52,0.10450000000000001,3251.04,Electrical,S005,0.701,14.0,17.0,1
P0115,2024-01,14,1676.16,120.025,0.14100000000000001,-183.88,Tools,S003,0.049,,14.0,0
P0115,2024-02,10,1362.4,136.24,0.025,33.8,Tools,S003,0.049,14.0,12.0,1
P0115,2024-03,27,3470.47,129.48333333333332,0.07333333333333333,-116.75,Tools,S003,0.049,10.0,17.0,1
P0115,2024-05,28,3779.25,134.28,0.039,59.17,Tools,S003,0.049,27.0,21.666666666666668,1
P0115,2024-07,28,3546.7200000000003,126.73333333333333,0.09299999999999999,-173.36,Tools,S003,0.049,28.0,27.666666666666668,1
P0115,2024-09,8,955.76,119.47,0.145,-107.12,Tools,S003,0.049,28.0,21.333333333333332,1
P0115,2025-01,41,5146.46,124.864,0.10640000000000001,-300.8,Tools,S003,0.049,8.0,25.666666666666668,1
P0115,2025-02,7,963.41,137.63,0.015,33.39,Tools,S003,0.049,41.0,18.666666666666668,1
P0116,2024-01,13,736.45,56.65,0.165,-1373.45,,S012,-1.392,,13.0,0
P0116,2024-02,19,1091.55,57.400000000000006,0.15400000000000003,-1992.15,,S012,-1.392,13.0,16.0,1
P0116,2024-04,23,1316.58,57.3,0.1555,-2416.3199999999997,,S012,-1.392,19.0,18.333333333333332,1
P0116,2024-05,34,2070.56,61.0475,0.10024999999999999,-3447.6400000000003,,S012,-1.392,23.0,25.333333333333332,1
P0116,2024-06,11,740.41,67.31,0.008,-1044.89,,S012,-1.392,34.0,22.666666666666668,1
P0116,2024-07,7,390.88,55.84,0.177,-745.22,,S012,-1.392,11.0,17.333333333333332,1
P0116,2024-08,21,1412.4,66.86500000000001,0.0145,-1995.9,,S012,-1.392,7.0,13.0,1
P0116,2024-09,24,1523.46,63.24,0.068,-2371.74,,S012,-1.392,21.0,17.333333333333332,1
P0116,2024-10,19,1248.6599999999999,65.785,0.0305,-1835.04,,S012,-1.392,24.0,21.333333333333332,1
P0116,2024-11,56,3499.1499999999996,62.407999999999994,0.08020000000000001,-5589.65,,S012,-1.392,19.0,33.0,1
P0116,2025-01,13,787.67,60.59,0.107,-1322.23,,S012,-1.392,56.0,29.333333333333332,1
P0117,2024-01,4,206.68,51.67,0.176,-435.64,Industrial Supplies,S020,-1.561,,4.0,0
P0117,2024-02,11,605.0,55.0,0.123,-1161.38,Industrial Supplies,S020,-1.561,4.0,7.5,1
P0117,2024-03,8,421.44,52.68,0.16,-863.2,Industrial Supplies,S020,-1.561,11.0,7.666666666666667,1
P0117,2024-05,16,849.14,55.09,0.1215,-1720.1399999999999,Industrial Supplies,S020,-1.561,8.0,11.666666666666666,1
P0117,2024-07,13,749.96,57.125,0.089,-1337.58,Industrial Supplies,S020,-1.561,16.0,12.333333333333334,1
P0117,2024-08,8,448.48,56.06,0.106,-836.16,Industrial Supplies,S020,-1.561,13.0,12.333333333333334,1
P0117,2024-09,10,585.7,58.57,0.066,-1020.1,Industrial Supplies,S020,-1.561,8.0,10.333333333333334,1
P0117,2024-10,7,363.44,51.92,0.172,-760.62,Industrial Supplies,S020,-1.561,10.0,8.333333333333334,1
P0117,2024-11,10,542.4,54.24,0.135,-1063.4,Industrial Supplies,S020,-1.561,7.0,9.0,1
P0117,2025-01,13,748.48,57.445,0.08399999999999999,-1339.06,Industrial Supplies,S020,-1.561,10.0,10.0,1
P0117,2025-02,9,488.79,54.31,0.134,-956.43,Industrial Supplies,S020,-1.561,13.0,10.666666666666666,1
P0118,2024-01,18,1462.7,81.18,0.11099999999999999,-1095.82,Fasteners,S004,-0.557,,18.0,0
P0118,2024-02,24,2013.77,83.52666666666666,0.08533333333333333,-1397.5900000000001,Fasteners,S004,-0.557,18.0,21.0,1
P0118,2024-03,21,1773.24,83.00999999999999,0.091,-1211.7,Fasteners,S004,-0.557,24.0,21.0,1
P0118,2024-04,18,1439.0700000000002,80.405,0.1195,-1119.45,Fasteners,S004,-0.557,21.0,21.0,1
P0118,2024-05,37,2947.1000000000004,79.67750000000001,0.1275,-2312.08,Fasteners,S004,-0.557,18.0,25.333333333333332,1
P0118,2024-06,7,628.39,89.77,0.017,-366.59,Fasteners,S004,-0.557,37.0,20.666666666666668,1
P0118,2024-07,41,3476.43,86.0025,0.05825,-2351.31,Fasteners,S004,-0.557,7.0,28.333333333333332,1
P0118,2024-08,17,1458.88,85.975,0.058499999999999996,-957.5,Fasteners,S004,-0.557,41.0,21.666666666666668,1
P0118,2024-09,32,2595.24,81.2725,0.11,-1953.24,Fasteners,S004,-0.557,17.0,30.0,1
P0118,2024-10,5,454.3,90.86,0.005,-256.4,Fasteners,S004,-0.557,32.0,18.0,1
P0118,2024-11,17,1413.12,82.875,0.0925,-1003.26,Fasteners,S004,-0.557,5.0,18.0,1
P0118,2025-01,13,1015.57,77.53,0.151,-832.25,Fasteners,S004,-0.557,17.0,11.666666666666666,1
P0118,2025-02,26,2164.48,83.22,0.08866666666666667,-1531.16,Fasteners,S004,-0.557,13.0,18.666666666666668,1
P0119,2024-01,10,1784.9,178.49,0.022,600.6,Industrial Supplies,S016,0.351,,10.0,0
P0119,2024-02,20,3355.58,165.17,0.09499999999999999,986.98,Industrial Supplies,S016,0.351,10.0,15.0,1
P0119,2024-03,17,2790.04,162.8,0.108,776.73,Industrial Supplies,S016,0.351,20.0,15.666666666666666,1
P0119,2024-04,11,1927.31,175.21,0.04,624.58,Industrial Supplies,S016,0.351,17.0,16.0,1
P0119,2024-05,56,9352.24,166.90666666666667,0.0855,2720.16,Industrial Supplies,S016,0.351,11.0,28.0,1
P0119,2024-06,12,2106.84,175.57,0.038,685.68,Industrial Supplies,S016,0.351,56.0,26.333333333333332,1
P0119,2024-07,41,7096.5,169.952,0.0688,2240.87,Industrial Supplies,S016,0.351,12.0,36.333333333333336,1
P0119,2024-08,10,1575.1,157.51,0.137,390.8,Industrial Supplies,S016,0.351,41.0,21.0,1
P0119,2024-09,7,1158.78,165.54,0.093,329.77,Industrial Supplies,S016,0.351,10.0,19.333333333333332,1
P0119,2024-10,34,5782.4,169.30666666666664,0.07233333333333333,1755.78,Industrial Supplies,S016,0.351,7.0,17.0,1
P0119,2024-12,23,4017.62,174.845,0.041999999999999996,1293.73,Industrial Supplies,S016,0.351,34.0,21.333333333333332,1
P0119,2025-01,11,1766.12,161.245,0.11649999999999999,463.39,Industrial Supplies,S016,0.351,23.0,22.666666666666668,1
P0119,2025-02,9,1562.13,173.57,0.049,496.26,Industrial Supplies,S016,0.351,11.0,14.333333333333334,1
P0120,2024-01,8,1770.4,221.3,0.05,1590.64,Fasteners,S007,0.904,,8.0,0
P0120,2024-03,34,7181.38,210.58666666666667,0.09599999999999999,6417.4,Fasteners,S007,0.904,8.0,21.0,1
P0120,2024-04,20,4246.2,213.615,0.083,3796.8,Fasteners,S007,0.904,34.0,20.666666666666668,1
P0120,2024-05,10,2210.7,221.07,0.051,1986.0,Fasteners,S007,0.904,20.0,21.333333333333332,1
P0120,2024-07,11,2290.86,208.26,0.106,2043.69,Fasteners,S007,0.904,10.0,13.666666666666666,1
P0120,2024-08,18,3630.78,201.26999999999998,0.136,3226.3199999999997,Fasteners,S007,0.904,11.0,13.0,1
P0120,2024-11,9,2054.61,228.29,0.02,1852.38,Fasteners,S007,0.904,18.0,12.666666666666666,1
P0120,2024-12,31,6752.18,215.5533333333333,0.07466666666666667,6055.61,Fasteners,S007,0.904,9.0,19.333333333333332,1
P0120,2025-01,27,5549.8,209.03333333333333,0.10266666666666667,4943.110000000001,Fasteners,S007,0.904,31.0,22.333333333333332,1
P0120,2025-02,15,2959.65,197.31,0.153,2622.6,Fasteners,S007,0.904,27.0,24.333333333333332,1
